repeat,configuration,policy,threshold,n,tp,fp,tn,fn,precision,recall,fpr,f1,accuracy,auroc,fnr,coverage
0,original,legacy,0.8616705025712807,6,3,0,3,0,1.0,1.0,0.0,1.0,1.0,1.0,0.0,1.0
0,original,negative_max,0.36989559714106723,6,3,1,2,0,0.75,1.0,0.3333333333333333,0.8571428571428571,0.8333333333333334,1.0,0.0,1.0
0,original,separating_midpoint,0.6157830498561739,6,3,0,3,0,1.0,1.0,0.0,1.0,1.0,1.0,0.0,1.0
0,pilot_selected,legacy,0.5187332798740082,6,3,0,3,0,1.0,1.0,0.0,1.0,1.0,1.0,0.0,1.0
0,pilot_selected,negative_max,0.4906439637259619,6,3,1,2,0,0.75,1.0,0.3333333333333333,0.8571428571428571,0.8333333333333334,1.0,0.0,1.0
0,pilot_selected,separating_midpoint,0.5046886217999851,6,3,0,3,0,1.0,1.0,0.0,1.0,1.0,1.0,0.0,1.0
0,length_only,legacy,0.6148397692161586,6,3,1,2,0,0.75,1.0,0.3333333333333333,0.8571428571428571,0.8333333333333334,0.8888888888888888,0.0,1.0
0,length_only,negative_max,0.6028896743492652,6,3,2,1,0,0.6,1.0,0.6666666666666666,0.75,0.6666666666666666,0.8888888888888888,0.0,1.0
0,length_only,separating_midpoint,0.6148397692161586,6,3,1,2,0,0.75,1.0,0.3333333333333333,0.8571428571428571,0.8333333333333334,0.8888888888888888,0.0,1.0
0,repetition_only,legacy,0.5532783962074859,6,3,0,3,0,1.0,1.0,0.0,1.0,1.0,1.0,0.0,1.0
0,repetition_only,negative_max,0.5089358926703005,6,3,0,3,0,1.0,1.0,0.0,1.0,1.0,1.0,0.0,1.0
0,repetition_only,separating_midpoint,0.5311071444388931,6,3,0,3,0,1.0,1.0,0.0,1.0,1.0,1.0,0.0,1.0
0,without_repetition,legacy,0.8552423025194195,6,3,0,3,0,1.0,1.0,0.0,1.0,1.0,1.0,0.0,1.0
0,without_repetition,negative_max,0.3768264519165941,6,3,1,2,0,0.75,1.0,0.3333333333333333,0.8571428571428571,0.8333333333333334,1.0,0.0,1.0
0,without_repetition,separating_midpoint,0.6160343772180068,6,3,0,3,0,1.0,1.0,0.0,1.0,1.0,1.0,0.0,1.0
1,original,legacy,0.9440615631718426,6,2,0,3,1,1.0,0.6666666666666666,0.0,0.8,0.8333333333333334,1.0,0.33333333333333337,1.0
1,original,negative_max,0.35085142778489986,6,3,0,3,0,1.0,1.0,0.0,1.0,1.0,1.0,0.0,1.0
1,original,separating_midpoint,0.6474564954783713,6,3,0,3,0,1.0,1.0,0.0,1.0,1.0,1.0,0.0,1.0
1,pilot_selected,legacy,0.533140870655291,6,2,0,3,1,1.0,0.6666666666666666,0.0,0.8,0.8333333333333334,1.0,0.33333333333333337,1.0
1,pilot_selected,negative_max,0.500210289519851,6,3,0,3,0,1.0,1.0,0.0,1.0,1.0,1.0,0.0,1.0
1,pilot_selected,separating_midpoint,0.516675580087571,6,3,0,3,0,1.0,1.0,0.0,1.0,1.0,1.0,0.0,1.0
1,length_only,legacy,0.5599793647974917,6,3,0,3,0,1.0,1.0,0.0,1.0,1.0,1.0,0.0,1.0
1,length_only,negative_max,0.3265519227882993,6,3,1,2,0,0.75,1.0,0.3333333333333333,0.8571428571428571,0.8333333333333334,1.0,0.0,1.0
1,length_only,separating_midpoint,0.44326564379289546,6,3,0,3,0,1.0,1.0,0.0,1.0,1.0,1.0,0.0,1.0
1,repetition_only,legacy,0.5711778638946337,6,3,1,2,0,0.75,1.0,0.3333333333333333,0.8571428571428571,0.8333333333333334,0.8333333333333334,0.0,1.0
1,repetition_only,negative_max,0.4101080834817379,6,3,1,2,0,0.75,1.0,0.3333333333333333,0.8571428571428571,0.8333333333333334,0.8333333333333334,0.0,1.0
1,repetition_only,separating_midpoint,0.49064297368818577,6,3,1,2,0,0.75,1.0,0.3333333333333333,0.8571428571428571,0.8333333333333334,0.8333333333333334,0.0,1.0
1,without_repetition,legacy,0.9445100275699513,6,2,0,3,1,1.0,0.6666666666666666,0.0,0.8,0.8333333333333334,1.0,0.33333333333333337,1.0
1,without_repetition,negative_max,0.39995164950157636,6,3,0,3,0,1.0,1.0,0.0,1.0,1.0,1.0,0.0,1.0
1,without_repetition,separating_midpoint,0.6722308385357638,6,3,0,3,0,1.0,1.0,0.0,1.0,1.0,1.0,0.0,1.0
2,original,legacy,0.870529313984082,6,1,0,3,2,1.0,0.3333333333333333,0.0,0.5,0.6666666666666666,1.0,0.6666666666666667,1.0
2,original,negative_max,0.13775053717373292,6,3,2,1,0,0.6,1.0,0.6666666666666666,0.75,0.6666666666666666,1.0,0.0,1.0
2,original,separating_midpoint,0.5041399255789074,6,3,0,3,0,1.0,1.0,0.0,1.0,1.0,1.0,0.0,1.0
2,pilot_selected,legacy,0.5247384841333648,6,1,0,3,2,1.0,0.3333333333333333,0.0,0.5,0.6666666666666666,1.0,0.6666666666666667,1.0
2,pilot_selected,negative_max,0.4792771088558857,6,3,2,1,0,0.6,1.0,0.6666666666666666,0.75,0.6666666666666666,1.0,0.0,1.0
2,pilot_selected,separating_midpoint,0.5020077964946252,6,3,0,3,0,1.0,1.0,0.0,1.0,1.0,1.0,0.0,1.0
2,length_only,legacy,0.6221542996960587,6,2,1,2,1,0.6666666666666666,0.6666666666666666,0.3333333333333333,0.6666666666666666,0.6666666666666666,0.8888888888888888,0.33333333333333337,1.0
2,length_only,negative_max,0.6083815040424954,6,2,1,2,1,0.6666666666666666,0.6666666666666666,0.3333333333333333,0.6666666666666666,0.6666666666666666,0.8888888888888888,0.33333333333333337,1.0
2,length_only,separating_midpoint,0.615267901869277,6,2,1,2,1,0.6666666666666666,0.6666666666666666,0.3333333333333333,0.6666666666666666,0.6666666666666666,0.8888888888888888,0.33333333333333337,1.0
2,repetition_only,legacy,1.0000000000000002,6,0,0,3,3,,0.0,0.0,0.0,0.5,0.6666666666666666,1.0,1.0
2,repetition_only,negative_max,0.6623496556691884,6,0,0,3,3,,0.0,0.0,0.0,0.5,0.6666666666666666,1.0,1.0
2,repetition_only,separating_midpoint,1.0000000000000002,6,0,0,3,3,,0.0,0.0,0.0,0.5,0.6666666666666666,1.0,1.0
2,without_repetition,legacy,0.8613090344145173,6,1,0,3,2,1.0,0.3333333333333333,0.0,0.5,0.6666666666666666,1.0,0.6666666666666667,1.0
2,without_repetition,negative_max,0.07948613263913461,6,3,3,0,0,0.5,1.0,1.0,0.6666666666666666,0.5,1.0,0.0,1.0
2,without_repetition,separating_midpoint,0.470397583526826,6,3,0,3,0,1.0,1.0,0.0,1.0,1.0,1.0,0.0,1.0
3,original,legacy,0.7963915670777796,6,3,0,3,0,1.0,1.0,0.0,1.0,1.0,1.0,0.0,1.0
3,original,negative_max,0.25426256241112144,6,3,0,3,0,1.0,1.0,0.0,1.0,1.0,1.0,0.0,1.0
3,original,separating_midpoint,0.5253270647444505,6,3,0,3,0,1.0,1.0,0.0,1.0,1.0,1.0,0.0,1.0
3,pilot_selected,legacy,0.5167206851735455,6,2,0,3,1,1.0,0.6666666666666666,0.0,0.8,0.8333333333333334,1.0,0.33333333333333337,1.0
3,pilot_selected,negative_max,0.4778284157486923,6,3,1,2,0,0.75,1.0,0.3333333333333333,0.8571428571428571,0.8333333333333334,1.0,0.0,1.0
3,pilot_selected,separating_midpoint,0.4972745504611189,6,3,0,3,0,1.0,1.0,0.0,1.0,1.0,1.0,0.0,1.0
3,length_only,legacy,1.0000000000000002,6,0,0,3,3,,0.0,0.0,0.0,0.5,1.0,1.0,1.0
3,length_only,negative_max,0.7484645051661656,6,0,0,3,3,,0.0,0.0,0.0,0.5,1.0,1.0,1.0
3,length_only,separating_midpoint,1.0000000000000002,6,0,0,3,3,,0.0,0.0,0.0,0.5,1.0,1.0,1.0
3,repetition_only,legacy,1.0000000000000002,6,0,0,3,3,,0.0,0.0,0.0,0.5,0.8333333333333334,1.0,1.0
3,repetition_only,negative_max,0.6213617671274174,6,0,0,3,3,,0.0,0.0,0.0,0.5,0.8333333333333334,1.0,1.0
3,repetition_only,separating_midpoint,1.0000000000000002,6,0,0,3,3,,0.0,0.0,0.0,0.5,0.8333333333333334,1.0,1.0
3,without_repetition,legacy,0.7795167690490871,6,3,0,3,0,1.0,1.0,0.0,1.0,1.0,1.0,0.0,1.0
3,without_repetition,negative_max,0.31166744846381694,6,3,0,3,0,1.0,1.0,0.0,1.0,1.0,1.0,0.0,1.0
3,without_repetition,separating_midpoint,0.5455921087564519,6,3,0,3,0,1.0,1.0,0.0,1.0,1.0,1.0,0.0,1.0
4,original,legacy,0.8570454045845846,6,3,0,3,0,1.0,1.0,0.0,1.0,1.0,1.0,0.0,1.0
4,original,negative_max,0.28153491258189844,6,3,1,2,0,0.75,1.0,0.3333333333333333,0.8571428571428571,0.8333333333333334,1.0,0.0,1.0
4,original,separating_midpoint,0.5692901585832415,6,3,0,3,0,1.0,1.0,0.0,1.0,1.0,1.0,0.0,1.0
4,pilot_selected,legacy,0.5220407276054905,6,3,0,3,0,1.0,1.0,0.0,1.0,1.0,1.0,0.0,1.0
4,pilot_selected,negative_max,0.47932697254535034,6,3,1,2,0,0.75,1.0,0.3333333333333333,0.8571428571428571,0.8333333333333334,1.0,0.0,1.0
4,pilot_selected,separating_midpoint,0.5006838500754204,6,3,1,2,0,0.75,1.0,0.3333333333333333,0.8571428571428571,0.8333333333333334,1.0,0.0,1.0
4,length_only,legacy,0.7063168140606821,6,2,0,3,1,1.0,0.6666666666666666,0.0,0.8,0.8333333333333334,1.0,0.33333333333333337,1.0
4,length_only,negative_max,0.7050549480190537,6,2,0,3,1,1.0,0.6666666666666666,0.0,0.8,0.8333333333333334,1.0,0.33333333333333337,1.0
4,length_only,separating_midpoint,0.7063168140606821,6,2,0,3,1,1.0,0.6666666666666666,0.0,0.8,0.8333333333333334,1.0,0.33333333333333337,1.0
4,repetition_only,legacy,1.0000000000000002,6,0,0,3,3,,0.0,0.0,0.0,0.5,1.0,1.0,1.0
4,repetition_only,negative_max,0.5734907945278207,6,0,0,3,3,,0.0,0.0,0.0,0.5,1.0,1.0,1.0
4,repetition_only,separating_midpoint,1.0000000000000002,6,0,0,3,3,,0.0,0.0,0.0,0.5,1.0,1.0,1.0
4,without_repetition,legacy,0.8523051870986467,6,3,0,3,0,1.0,1.0,0.0,1.0,1.0,1.0,0.0,1.0
4,without_repetition,negative_max,0.32345667576132436,6,3,1,2,0,0.75,1.0,0.3333333333333333,0.8571428571428571,0.8333333333333334,1.0,0.0,1.0
4,without_repetition,separating_midpoint,0.5878809314299855,6,3,0,3,0,1.0,1.0,0.0,1.0,1.0,1.0,0.0,1.0
5,original,legacy,0.9166314199561587,6,3,0,3,0,1.0,1.0,0.0,1.0,1.0,1.0,0.0,1.0
5,original,negative_max,0.0027657005760120847,6,3,2,1,0,0.6,1.0,0.6666666666666666,0.75,0.6666666666666666,1.0,0.0,1.0
5,original,separating_midpoint,0.4596985602660854,6,3,0,3,0,1.0,1.0,0.0,1.0,1.0,1.0,0.0,1.0
5,pilot_selected,legacy,0.5296753355042944,6,3,0,3,0,1.0,1.0,0.0,1.0,1.0,1.0,0.0,1.0
5,pilot_selected,negative_max,0.4031714030170038,6,3,2,1,0,0.6,1.0,0.6666666666666666,0.75,0.6666666666666666,1.0,0.0,1.0
5,pilot_selected,separating_midpoint,0.4664233692606491,6,3,0,3,0,1.0,1.0,0.0,1.0,1.0,1.0,0.0,1.0
5,length_only,legacy,0.6147209727537583,6,3,0,3,0,1.0,1.0,0.0,1.0,1.0,1.0,0.0,1.0
5,length_only,negative_max,0.6134035324684365,6,3,0,3,0,1.0,1.0,0.0,1.0,1.0,1.0,0.0,1.0
5,length_only,separating_midpoint,0.6140622526110973,6,3,0,3,0,1.0,1.0,0.0,1.0,1.0,1.0,0.0,1.0
5,repetition_only,legacy,0.6129371838949635,6,3,1,2,0,0.75,1.0,0.3333333333333333,0.8571428571428571,0.8333333333333334,0.8333333333333334,0.0,1.0
5,repetition_only,negative_max,0.006974733919695959,6,3,2,1,0,0.6,1.0,0.6666666666666666,0.75,0.6666666666666666,0.8333333333333334,0.0,1.0
5,repetition_only,separating_midpoint,0.30995595890732974,6,3,1,2,0,0.75,1.0,0.3333333333333333,0.8571428571428571,0.8333333333333334,0.8333333333333334,0.0,1.0
5,without_repetition,legacy,0.9115479272268203,6,3,0,3,0,1.0,1.0,0.0,1.0,1.0,1.0,0.0,1.0
5,without_repetition,negative_max,0.022649554186724718,6,3,1,2,0,0.75,1.0,0.3333333333333333,0.8571428571428571,0.8333333333333334,1.0,0.0,1.0
5,without_repetition,separating_midpoint,0.46709874070677254,6,3,0,3,0,1.0,1.0,0.0,1.0,1.0,1.0,0.0,1.0
6,original,legacy,0.8889580435373,6,3,0,3,0,1.0,1.0,0.0,1.0,1.0,1.0,0.0,1.0
6,original,negative_max,0.11869556007950474,6,3,2,1,0,0.6,1.0,0.6666666666666666,0.75,0.6666666666666666,1.0,0.0,1.0
6,original,separating_midpoint,0.5038268018084023,6,3,0,3,0,1.0,1.0,0.0,1.0,1.0,1.0,0.0,1.0
6,pilot_selected,legacy,0.5238554850267354,6,3,0,3,0,1.0,1.0,0.0,1.0,1.0,1.0,0.0,1.0
6,pilot_selected,negative_max,0.48871479631592396,6,3,1,2,0,0.75,1.0,0.3333333333333333,0.8571428571428571,0.8333333333333334,1.0,0.0,1.0
6,pilot_selected,separating_midpoint,0.5062851406713297,6,3,0,3,0,1.0,1.0,0.0,1.0,1.0,1.0,0.0,1.0
6,length_only,legacy,0.6422481657714536,6,2,0,3,1,1.0,0.6666666666666666,0.0,0.8,0.8333333333333334,1.0,0.33333333333333337,1.0
6,length_only,negative_max,0.2096977851925063,6,3,2,1,0,0.6,1.0,0.6666666666666666,0.75,0.6666666666666666,1.0,0.0,1.0
6,length_only,separating_midpoint,0.42597297548197993,6,3,1,2,0,0.75,1.0,0.3333333333333333,0.8571428571428571,0.8333333333333334,1.0,0.0,1.0
6,repetition_only,legacy,1.0000000000000002,6,0,0,3,3,,0.0,0.0,0.0,0.5,0.8333333333333334,1.0,1.0
6,repetition_only,negative_max,0.6324152655559753,6,0,0,3,3,,0.0,0.0,0.0,0.5,0.8333333333333334,1.0,1.0
6,repetition_only,separating_midpoint,1.0000000000000002,6,0,0,3,3,,0.0,0.0,0.0,0.5,0.8333333333333334,1.0,1.0
6,without_repetition,legacy,0.8761445875205682,6,3,0,3,0,1.0,1.0,0.0,1.0,1.0,1.0,0.0,1.0
6,without_repetition,negative_max,0.1036531171339851,6,3,1,2,0,0.75,1.0,0.3333333333333333,0.8571428571428571,0.8333333333333334,1.0,0.0,1.0
6,without_repetition,separating_midpoint,0.48989885232727665,6,3,0,3,0,1.0,1.0,0.0,1.0,1.0,1.0,0.0,1.0
7,original,legacy,0.8247629819513846,6,2,0,3,1,1.0,0.6666666666666666,0.0,0.8,0.8333333333333334,1.0,0.33333333333333337,1.0
7,original,negative_max,0.30169797449547686,6,3,0,3,0,1.0,1.0,0.0,1.0,1.0,1.0,0.0,1.0
7,original,separating_midpoint,0.5632304782234308,6,3,0,3,0,1.0,1.0,0.0,1.0,1.0,1.0,0.0,1.0
7,pilot_selected,legacy,0.5195229455523714,6,2,0,3,1,1.0,0.6666666666666666,0.0,0.8,0.8333333333333334,1.0,0.33333333333333337,1.0
7,pilot_selected,negative_max,0.4997896963529836,6,3,1,2,0,0.75,1.0,0.3333333333333333,0.8571428571428571,0.8333333333333334,1.0,0.0,1.0
7,pilot_selected,separating_midpoint,0.5096563209526774,6,3,0,3,0,1.0,1.0,0.0,1.0,1.0,1.0,0.0,1.0
7,length_only,legacy,0.6644656278765954,6,2,1,2,1,0.6666666666666666,0.6666666666666666,0.3333333333333333,0.6666666666666666,0.6666666666666666,0.8888888888888888,0.33333333333333337,1.0
7,length_only,negative_max,0.3226782743932994,6,3,1,2,0,0.75,1.0,0.3333333333333333,0.8571428571428571,0.8333333333333334,0.8888888888888888,0.0,1.0
7,length_only,separating_midpoint,0.49357195113494734,6,3,1,2,0,0.75,1.0,0.3333333333333333,0.8571428571428571,0.8333333333333334,0.8888888888888888,0.0,1.0
7,repetition_only,legacy,1.0000000000000002,6,0,0,3,3,,0.0,0.0,0.0,0.5,0.6666666666666666,1.0,1.0
7,repetition_only,negative_max,0.6711203437256974,6,0,0,3,3,,0.0,0.0,0.0,0.5,0.6666666666666666,1.0,1.0
7,repetition_only,separating_midpoint,1.0000000000000002,6,0,0,3,3,,0.0,0.0,0.0,0.5,0.6666666666666666,1.0,1.0
7,without_repetition,legacy,0.8119964521745889,6,2,0,3,1,1.0,0.6666666666666666,0.0,0.8,0.8333333333333334,1.0,0.33333333333333337,1.0
7,without_repetition,negative_max,0.2979518555098419,6,3,0,3,0,1.0,1.0,0.0,1.0,1.0,1.0,0.0,1.0
7,without_repetition,separating_midpoint,0.5549741538422154,6,3,0,3,0,1.0,1.0,0.0,1.0,1.0,1.0,0.0,1.0
8,original,legacy,0.9459884641807652,6,1,0,3,2,1.0,0.3333333333333333,0.0,0.5,0.6666666666666666,1.0,0.6666666666666667,1.0
8,original,negative_max,0.5708173100277978,6,3,0,3,0,1.0,1.0,0.0,1.0,1.0,1.0,0.0,1.0
8,original,separating_midpoint,0.7584028871042814,6,3,0,3,0,1.0,1.0,0.0,1.0,1.0,1.0,0.0,1.0
8,pilot_selected,legacy,0.5299243108891722,6,2,0,3,1,1.0,0.6666666666666666,0.0,0.8,0.8333333333333334,1.0,0.33333333333333337,1.0
8,pilot_selected,negative_max,0.5024490368392791,6,3,0,3,0,1.0,1.0,0.0,1.0,1.0,1.0,0.0,1.0
8,pilot_selected,separating_midpoint,0.5161866738642256,6,3,0,3,0,1.0,1.0,0.0,1.0,1.0,1.0,0.0,1.0
8,length_only,legacy,1.0000000000000002,6,0,0,3,3,,0.0,0.0,0.0,0.5,0.0,1.0,1.0
8,length_only,negative_max,0.6636940344668617,6,0,3,0,3,0.0,0.0,1.0,0.0,0.0,0.0,1.0,1.0
8,length_only,separating_midpoint,1.0000000000000002,6,0,0,3,3,,0.0,0.0,0.0,0.5,0.0,1.0,1.0
8,repetition_only,legacy,1.0000000000000002,6,0,0,3,3,,0.0,0.0,0.0,0.5,1.0,1.0,1.0
8,repetition_only,negative_max,0.5622915396484718,6,0,0,3,3,,0.0,0.0,0.0,0.5,1.0,1.0,1.0
8,repetition_only,separating_midpoint,1.0000000000000002,6,0,0,3,3,,0.0,0.0,0.0,0.5,1.0,1.0,1.0
8,without_repetition,legacy,0.9424078184234589,6,2,0,3,1,1.0,0.6666666666666666,0.0,0.8,0.8333333333333334,1.0,0.33333333333333337,1.0
8,without_repetition,negative_max,0.5409104984053404,6,3,0,3,0,1.0,1.0,0.0,1.0,1.0,1.0,0.0,1.0
8,without_repetition,separating_midpoint,0.7416591584143997,6,3,0,3,0,1.0,1.0,0.0,1.0,1.0,1.0,0.0,1.0
9,original,legacy,0.7681085692540036,6,2,0,3,1,1.0,0.6666666666666666,0.0,0.8,0.8333333333333334,1.0,0.33333333333333337,1.0
9,original,negative_max,0.330297208363099,6,3,1,2,0,0.75,1.0,0.3333333333333333,0.8571428571428571,0.8333333333333334,1.0,0.0,1.0
9,original,separating_midpoint,0.5492028888085513,6,3,0,3,0,1.0,1.0,0.0,1.0,1.0,1.0,0.0,1.0
9,pilot_selected,legacy,0.5153386266853317,6,2,0,3,1,1.0,0.6666666666666666,0.0,0.8,0.8333333333333334,1.0,0.33333333333333337,1.0
9,pilot_selected,negative_max,0.5001750775599587,6,3,0,3,0,1.0,1.0,0.0,1.0,1.0,1.0,0.0,1.0
9,pilot_selected,separating_midpoint,0.5077568521226452,6,3,0,3,0,1.0,1.0,0.0,1.0,1.0,1.0,0.0,1.0
9,length_only,legacy,0.8208140094127006,6,0,0,3,3,,0.0,0.0,0.0,0.5,0.6666666666666666,1.0,1.0
9,length_only,negative_max,0.7925665390825165,6,0,0,3,3,,0.0,0.0,0.0,0.5,0.6666666666666666,1.0,1.0
9,length_only,separating_midpoint,0.8208140094127006,6,0,0,3,3,,0.0,0.0,0.0,0.5,0.6666666666666666,1.0,1.0
9,repetition_only,legacy,1.0000000000000002,6,0,0,3,3,,0.0,0.0,0.0,0.5,0.8333333333333334,1.0,1.0
9,repetition_only,negative_max,0.6141143531532128,6,0,0,3,3,,0.0,0.0,0.0,0.5,0.8333333333333334,1.0,1.0
9,repetition_only,separating_midpoint,1.0000000000000002,6,0,0,3,3,,0.0,0.0,0.0,0.5,0.8333333333333334,1.0,1.0
9,without_repetition,legacy,0.7467163254708803,6,2,0,3,1,1.0,0.6666666666666666,0.0,0.8,0.8333333333333334,1.0,0.33333333333333337,1.0
9,without_repetition,negative_max,0.34606315924285264,6,3,1,2,0,0.75,1.0,0.3333333333333333,0.8571428571428571,0.8333333333333334,1.0,0.0,1.0
9,without_repetition,separating_midpoint,0.5463897423568664,6,3,0,3,0,1.0,1.0,0.0,1.0,1.0,1.0,0.0,1.0
10,original,legacy,0.863473394240963,6,3,0,3,0,1.0,1.0,0.0,1.0,1.0,1.0,0.0,1.0
10,original,negative_max,0.157742524186223,6,3,1,2,0,0.75,1.0,0.3333333333333333,0.8571428571428571,0.8333333333333334,1.0,0.0,1.0
10,original,separating_midpoint,0.510607959213593,6,3,0,3,0,1.0,1.0,0.0,1.0,1.0,1.0,0.0,1.0
10,pilot_selected,legacy,0.5190835235791645,6,3,0,3,0,1.0,1.0,0.0,1.0,1.0,1.0,0.0,1.0
10,pilot_selected,negative_max,0.4901060444744558,6,3,1,2,0,0.75,1.0,0.3333333333333333,0.8571428571428571,0.8333333333333334,1.0,0.0,1.0
10,pilot_selected,separating_midpoint,0.5045947840268101,6,3,0,3,0,1.0,1.0,0.0,1.0,1.0,1.0,0.0,1.0
10,length_only,legacy,0.5885667767796875,6,3,0,3,0,1.0,1.0,0.0,1.0,1.0,1.0,0.0,1.0
10,length_only,negative_max,0.5815481888654914,6,3,0,3,0,1.0,1.0,0.0,1.0,1.0,1.0,0.0,1.0
10,length_only,separating_midpoint,0.5850574828225894,6,3,0,3,0,1.0,1.0,0.0,1.0,1.0,1.0,0.0,1.0
10,repetition_only,legacy,1.0000000000000002,6,0,0,3,3,,0.0,0.0,0.0,0.5,1.0,1.0,1.0
10,repetition_only,negative_max,0.6245423492801594,6,0,0,3,3,,0.0,0.0,0.0,0.5,1.0,1.0,1.0
10,repetition_only,separating_midpoint,1.0000000000000002,6,0,0,3,3,,0.0,0.0,0.0,0.5,1.0,1.0,1.0
10,without_repetition,legacy,0.8541582357500351,6,3,0,3,0,1.0,1.0,0.0,1.0,1.0,1.0,0.0,1.0
10,without_repetition,negative_max,0.09777365300731168,6,3,1,2,0,0.75,1.0,0.3333333333333333,0.8571428571428571,0.8333333333333334,1.0,0.0,1.0
10,without_repetition,separating_midpoint,0.4759659443786734,6,3,0,3,0,1.0,1.0,0.0,1.0,1.0,1.0,0.0,1.0
11,original,legacy,0.902882862838669,6,2,0,3,1,1.0,0.6666666666666666,0.0,0.8,0.8333333333333334,1.0,0.33333333333333337,1.0
11,original,negative_max,0.5533114306972045,6,3,0,3,0,1.0,1.0,0.0,1.0,1.0,1.0,0.0,1.0
11,original,separating_midpoint,0.7280971467679367,6,3,0,3,0,1.0,1.0,0.0,1.0,1.0,1.0,0.0,1.0
11,pilot_selected,legacy,0.5238735152480766,6,2,0,3,1,1.0,0.6666666666666666,0.0,0.8,0.8333333333333334,1.0,0.33333333333333337,1.0
11,pilot_selected,negative_max,0.5010715508680048,6,3,0,3,0,1.0,1.0,0.0,1.0,1.0,1.0,0.0,1.0
11,pilot_selected,separating_midpoint,0.5124725330580406,6,3,0,3,0,1.0,1.0,0.0,1.0,1.0,1.0,0.0,1.0
11,length_only,legacy,0.609418358390839,6,1,1,2,2,0.5,0.3333333333333333,0.3333333333333333,0.4,0.5,0.6666666666666666,0.6666666666666667,1.0
11,length_only,negative_max,0.6054602131656375,6,2,1,2,1,0.6666666666666666,0.6666666666666666,0.3333333333333333,0.6666666666666666,0.6666666666666666,0.6666666666666666,0.33333333333333337,1.0
11,length_only,separating_midpoint,0.609418358390839,6,1,1,2,2,0.5,0.3333333333333333,0.3333333333333333,0.4,0.5,0.6666666666666666,0.6666666666666667,1.0
11,repetition_only,legacy,0.5432255477476512,6,3,1,2,0,0.75,1.0,0.3333333333333333,0.8571428571428571,0.8333333333333334,0.8333333333333334,0.0,1.0
11,repetition_only,negative_max,0.5010108189641118,6,3,1,2,0,0.75,1.0,0.3333333333333333,0.8571428571428571,0.8333333333333334,0.8333333333333334,0.0,1.0
11,repetition_only,separating_midpoint,0.5221181833558814,6,3,1,2,0,0.75,1.0,0.3333333333333333,0.8571428571428571,0.8333333333333334,0.8333333333333334,0.0,1.0
11,without_repetition,legacy,0.8969753955917564,6,2,0,3,1,1.0,0.6666666666666666,0.0,0.8,0.8333333333333334,1.0,0.33333333333333337,1.0
11,without_repetition,negative_max,0.5186328058505292,6,3,0,3,0,1.0,1.0,0.0,1.0,1.0,1.0,0.0,1.0
11,without_repetition,separating_midpoint,0.7078041007211427,6,3,0,3,0,1.0,1.0,0.0,1.0,1.0,1.0,0.0,1.0
12,original,legacy,0.6791609587001728,6,3,0,3,0,1.0,1.0,0.0,1.0,1.0,1.0,0.0,1.0
12,original,negative_max,0.22788295462550742,6,3,1,2,0,0.75,1.0,0.3333333333333333,0.8571428571428571,0.8333333333333334,1.0,0.0,1.0
12,original,separating_midpoint,0.4535219566628401,6,3,0,3,0,1.0,1.0,0.0,1.0,1.0,1.0,0.0,1.0
12,pilot_selected,legacy,0.5104003272667696,6,3,0,3,0,1.0,1.0,0.0,1.0,1.0,1.0,0.0,1.0
12,pilot_selected,negative_max,0.4874470885567496,6,3,1,2,0,0.75,1.0,0.3333333333333333,0.8571428571428571,0.8333333333333334,1.0,0.0,1.0
12,pilot_selected,separating_midpoint,0.4989237079117596,6,3,0,3,0,1.0,1.0,0.0,1.0,1.0,1.0,0.0,1.0
12,length_only,legacy,1.0000000000000002,6,0,0,3,3,,0.0,0.0,0.0,0.5,1.0,1.0,1.0
12,length_only,negative_max,0.7179609086537533,6,2,0,3,1,1.0,0.6666666666666666,0.0,0.8,0.8333333333333334,1.0,0.33333333333333337,1.0
12,length_only,separating_midpoint,1.0000000000000002,6,0,0,3,3,,0.0,0.0,0.0,0.5,1.0,1.0,1.0
12,repetition_only,legacy,1.0000000000000002,6,0,0,3,3,,0.0,0.0,0.0,0.5,0.8333333333333334,1.0,1.0
12,repetition_only,negative_max,0.6242311217275638,6,0,0,3,3,,0.0,0.0,0.0,0.5,0.8333333333333334,1.0,1.0
12,repetition_only,separating_midpoint,1.0000000000000002,6,0,0,3,3,,0.0,0.0,0.0,0.5,0.8333333333333334,1.0,1.0
12,without_repetition,legacy,0.6539194967761001,6,3,0,3,0,1.0,1.0,0.0,1.0,1.0,1.0,0.0,1.0
12,without_repetition,negative_max,0.19289177703054333,6,3,1,2,0,0.75,1.0,0.3333333333333333,0.8571428571428571,0.8333333333333334,1.0,0.0,1.0
12,without_repetition,separating_midpoint,0.42340563690332167,6,3,0,3,0,1.0,1.0,0.0,1.0,1.0,1.0,0.0,1.0
13,original,legacy,0.6381378176741879,6,3,0,3,0,1.0,1.0,0.0,1.0,1.0,1.0,0.0,1.0
13,original,negative_max,0.218000654103484,6,3,0,3,0,1.0,1.0,0.0,1.0,1.0,1.0,0.0,1.0
13,original,separating_midpoint,0.42806923588883594,6,3,0,3,0,1.0,1.0,0.0,1.0,1.0,1.0,0.0,1.0
13,pilot_selected,legacy,0.5107693525015823,6,3,0,3,0,1.0,1.0,0.0,1.0,1.0,1.0,0.0,1.0
13,pilot_selected,negative_max,0.49643167243880915,6,3,0,3,0,1.0,1.0,0.0,1.0,1.0,1.0,0.0,1.0
13,pilot_selected,separating_midpoint,0.5036005124701957,6,3,0,3,0,1.0,1.0,0.0,1.0,1.0,1.0,0.0,1.0
13,length_only,legacy,0.6593029332060444,6,2,0,3,1,1.0,0.6666666666666666,0.0,0.8,0.8333333333333334,1.0,0.33333333333333337,1.0
13,length_only,negative_max,0.641175024801766,6,2,0,3,1,1.0,0.6666666666666666,0.0,0.8,0.8333333333333334,1.0,0.33333333333333337,1.0
13,length_only,separating_midpoint,0.6593029332060444,6,2,0,3,1,1.0,0.6666666666666666,0.0,0.8,0.8333333333333334,1.0,0.33333333333333337,1.0
13,repetition_only,legacy,1.0000000000000002,6,0,0,3,3,,0.0,0.0,0.0,0.5,0.8333333333333334,1.0,1.0
13,repetition_only,negative_max,0.6176835801159655,6,0,0,3,3,,0.0,0.0,0.0,0.5,0.8333333333333334,1.0,1.0
13,repetition_only,separating_midpoint,1.0000000000000002,6,0,0,3,3,,0.0,0.0,0.0,0.5,0.8333333333333334,1.0,1.0
13,without_repetition,legacy,0.627282836352718,6,3,0,3,0,1.0,1.0,0.0,1.0,1.0,1.0,0.0,1.0
13,without_repetition,negative_max,0.20783225760653667,6,3,0,3,0,1.0,1.0,0.0,1.0,1.0,1.0,0.0,1.0
13,without_repetition,separating_midpoint,0.4175575469796273,6,3,0,3,0,1.0,1.0,0.0,1.0,1.0,1.0,0.0,1.0
14,original,legacy,0.8129061168923352,6,3,0,3,0,1.0,1.0,0.0,1.0,1.0,1.0,0.0,1.0
14,original,negative_max,0.3492468168573777,6,3,0,3,0,1.0,1.0,0.0,1.0,1.0,1.0,0.0,1.0
14,original,separating_midpoint,0.5810764668748564,6,3,0,3,0,1.0,1.0,0.0,1.0,1.0,1.0,0.0,1.0
14,pilot_selected,legacy,0.5152054496904721,6,3,0,3,0,1.0,1.0,0.0,1.0,1.0,1.0,0.0,1.0
14,pilot_selected,negative_max,0.4888226081096258,6,3,0,3,0,1.0,1.0,0.0,1.0,1.0,1.0,0.0,1.0
14,pilot_selected,separating_midpoint,0.502014028900049,6,3,0,3,0,1.0,1.0,0.0,1.0,1.0,1.0,0.0,1.0
14,length_only,legacy,1.0000000000000002,6,0,0,3,3,,0.0,0.0,0.0,0.5,1.0,1.0,1.0
14,length_only,negative_max,0.6755724891105023,6,1,0,3,2,1.0,0.3333333333333333,0.0,0.5,0.6666666666666666,1.0,0.6666666666666667,1.0
14,length_only,separating_midpoint,1.0000000000000002,6,0,0,3,3,,0.0,0.0,0.0,0.5,1.0,1.0,1.0
14,repetition_only,legacy,0.5363874142590158,6,3,0,3,0,1.0,1.0,0.0,1.0,1.0,1.0,0.0,1.0
14,repetition_only,negative_max,0.4986744348806346,6,3,1,2,0,0.75,1.0,0.3333333333333333,0.8571428571428571,0.8333333333333334,1.0,0.0,1.0
14,repetition_only,separating_midpoint,0.5175309245698252,6,3,0,3,0,1.0,1.0,0.0,1.0,1.0,1.0,0.0,1.0
14,without_repetition,legacy,0.8097144785198678,6,3,0,3,0,1.0,1.0,0.0,1.0,1.0,1.0,0.0,1.0
14,without_repetition,negative_max,0.3596580467489948,6,3,0,3,0,1.0,1.0,0.0,1.0,1.0,1.0,0.0,1.0
14,without_repetition,separating_midpoint,0.5846862626344312,6,3,0,3,0,1.0,1.0,0.0,1.0,1.0,1.0,0.0,1.0
15,original,legacy,0.9476909439006747,6,1,0,3,2,1.0,0.3333333333333333,0.0,0.5,0.6666666666666666,1.0,0.6666666666666667,1.0
15,original,negative_max,0.10260320457993484,6,3,1,2,0,0.75,1.0,0.3333333333333333,0.8571428571428571,0.8333333333333334,1.0,0.0,1.0
15,original,separating_midpoint,0.5251470742403047,6,3,0,3,0,1.0,1.0,0.0,1.0,1.0,1.0,0.0,1.0
15,pilot_selected,legacy,0.5325259600131096,6,1,0,3,2,1.0,0.3333333333333333,0.0,0.5,0.6666666666666666,1.0,0.6666666666666667,1.0
15,pilot_selected,negative_max,0.47212214090098853,6,3,2,1,0,0.6,1.0,0.6666666666666666,0.75,0.6666666666666666,1.0,0.0,1.0
15,pilot_selected,separating_midpoint,0.502324050457049,6,3,1,2,0,0.75,1.0,0.3333333333333333,0.8571428571428571,0.8333333333333334,1.0,0.0,1.0
15,length_only,legacy,0.5763231857946551,6,2,0,3,1,1.0,0.6666666666666666,0.0,0.8,0.8333333333333334,1.0,0.33333333333333337,1.0
15,length_only,negative_max,0.5120444934080828,6,3,0,3,0,1.0,1.0,0.0,1.0,1.0,1.0,0.0,1.0
15,length_only,separating_midpoint,0.544183839601369,6,3,0,3,0,1.0,1.0,0.0,1.0,1.0,1.0,0.0,1.0
15,repetition_only,legacy,1.0000000000000002,6,0,0,3,3,,0.0,0.0,0.0,0.5,0.8333333333333334,1.0,1.0
15,repetition_only,negative_max,0.5709908156801813,6,0,0,3,3,,0.0,0.0,0.0,0.5,0.8333333333333334,1.0,1.0
15,repetition_only,separating_midpoint,1.0000000000000002,6,0,0,3,3,,0.0,0.0,0.0,0.5,0.8333333333333334,1.0,1.0
15,without_repetition,legacy,0.9443173610747819,6,1,0,3,2,1.0,0.3333333333333333,0.0,0.5,0.6666666666666666,1.0,0.6666666666666667,1.0
15,without_repetition,negative_max,0.07996896500067065,6,3,1,2,0,0.75,1.0,0.3333333333333333,0.8571428571428571,0.8333333333333334,1.0,0.0,1.0
15,without_repetition,separating_midpoint,0.5121431630377262,6,3,0,3,0,1.0,1.0,0.0,1.0,1.0,1.0,0.0,1.0
16,original,legacy,0.9275494478524062,6,2,0,3,1,1.0,0.6666666666666666,0.0,0.8,0.8333333333333334,1.0,0.33333333333333337,1.0
16,original,negative_max,0.04964834355682653,6,3,0,3,0,1.0,1.0,0.0,1.0,1.0,1.0,0.0,1.0
16,original,separating_midpoint,0.4885988957046164,6,3,0,3,0,1.0,1.0,0.0,1.0,1.0,1.0,0.0,1.0
16,pilot_selected,legacy,0.5290194930745314,6,1,0,3,2,1.0,0.3333333333333333,0.0,0.5,0.6666666666666666,1.0,0.6666666666666667,1.0
16,pilot_selected,negative_max,0.4481218212602851,6,3,2,1,0,0.6,1.0,0.6666666666666666,0.75,0.6666666666666666,1.0,0.0,1.0
16,pilot_selected,separating_midpoint,0.4885706571674082,6,3,0,3,0,1.0,1.0,0.0,1.0,1.0,1.0,0.0,1.0
16,length_only,legacy,0.5860460660513546,6,2,0,3,1,1.0,0.6666666666666666,0.0,0.8,0.8333333333333334,1.0,0.33333333333333337,1.0
16,length_only,negative_max,0.5451862716254341,6,3,0,3,0,1.0,1.0,0.0,1.0,1.0,1.0,0.0,1.0
16,length_only,separating_midpoint,0.5656161688383943,6,3,0,3,0,1.0,1.0,0.0,1.0,1.0,1.0,0.0,1.0
16,repetition_only,legacy,0.5720213745147466,6,3,1,2,0,0.75,1.0,0.3333333333333333,0.8571428571428571,0.8333333333333334,0.8333333333333334,0.0,1.0
16,repetition_only,negative_max,0.41022675160559524,6,3,1,2,0,0.75,1.0,0.3333333333333333,0.8571428571428571,0.8333333333333334,0.8333333333333334,0.0,1.0
16,repetition_only,separating_midpoint,0.49112406306017087,6,3,1,2,0,0.75,1.0,0.3333333333333333,0.8571428571428571,0.8333333333333334,0.8333333333333334,0.0,1.0
16,without_repetition,legacy,0.9250586619095539,6,2,0,3,1,1.0,0.6666666666666666,0.0,0.8,0.8333333333333334,1.0,0.33333333333333337,1.0
16,without_repetition,negative_max,0.07597969979716307,6,3,0,3,0,1.0,1.0,0.0,1.0,1.0,1.0,0.0,1.0
16,without_repetition,separating_midpoint,0.5005191808533584,6,3,0,3,0,1.0,1.0,0.0,1.0,1.0,1.0,0.0,1.0
17,original,legacy,0.7814304592890727,6,2,0,3,1,1.0,0.6666666666666666,0.0,0.8,0.8333333333333334,1.0,0.33333333333333337,1.0
17,original,negative_max,0.4176098319923355,6,3,0,3,0,1.0,1.0,0.0,1.0,1.0,1.0,0.0,1.0
17,original,separating_midpoint,0.5995201456407041,6,3,0,3,0,1.0,1.0,0.0,1.0,1.0,1.0,0.0,1.0
17,pilot_selected,legacy,0.5124923566097934,6,2,0,3,1,1.0,0.6666666666666666,0.0,0.8,0.8333333333333334,1.0,0.33333333333333337,1.0
17,pilot_selected,negative_max,0.4961808406484822,6,3,0,3,0,1.0,1.0,0.0,1.0,1.0,1.0,0.0,1.0
17,pilot_selected,separating_midpoint,0.5043365986291378,6,3,0,3,0,1.0,1.0,0.0,1.0,1.0,1.0,0.0,1.0
17,length_only,legacy,1.0000000000000002,6,0,0,3,3,,0.0,0.0,0.0,0.5,0.3333333333333333,1.0,1.0
17,length_only,negative_max,0.9022526331180017,6,0,1,2,3,0.0,0.0,0.3333333333333333,0.0,0.3333333333333333,0.3333333333333333,1.0,1.0
17,length_only,separating_midpoint,1.0000000000000002,6,0,0,3,3,,0.0,0.0,0.0,0.5,0.3333333333333333,1.0,1.0
17,repetition_only,legacy,1.0000000000000002,6,0,0,3,3,,0.0,0.0,0.0,0.5,0.8333333333333334,1.0,1.0
17,repetition_only,negative_max,0.5606043280356967,6,0,0,3,3,,0.0,0.0,0.0,0.5,0.8333333333333334,1.0,1.0
17,repetition_only,separating_midpoint,1.0000000000000002,6,0,0,3,3,,0.0,0.0,0.0,0.5,0.8333333333333334,1.0,1.0
17,without_repetition,legacy,0.776461650023595,6,2,0,3,1,1.0,0.6666666666666666,0.0,0.8,0.8333333333333334,1.0,0.33333333333333337,1.0
17,without_repetition,negative_max,0.4389192470629754,6,3,0,3,0,1.0,1.0,0.0,1.0,1.0,1.0,0.0,1.0
17,without_repetition,separating_midpoint,0.6076904485432852,6,3,0,3,0,1.0,1.0,0.0,1.0,1.0,1.0,0.0,1.0
18,original,legacy,0.8438863461225258,6,2,0,3,1,1.0,0.6666666666666666,0.0,0.8,0.8333333333333334,1.0,0.33333333333333337,1.0
18,original,negative_max,0.3893132054338398,6,3,0,3,0,1.0,1.0,0.0,1.0,1.0,1.0,0.0,1.0
18,original,separating_midpoint,0.6165997757781827,6,3,0,3,0,1.0,1.0,0.0,1.0,1.0,1.0,0.0,1.0
18,pilot_selected,legacy,0.5192168260767759,6,2,0,3,1,1.0,0.6666666666666666,0.0,0.8,0.8333333333333334,1.0,0.33333333333333337,1.0
18,pilot_selected,negative_max,0.4864643089396005,6,3,0,3,0,1.0,1.0,0.0,1.0,1.0,1.0,0.0,1.0
18,pilot_selected,separating_midpoint,0.5028405675081882,6,3,0,3,0,1.0,1.0,0.0,1.0,1.0,1.0,0.0,1.0
18,length_only,legacy,1.0000000000000002,6,0,0,3,3,,0.0,0.0,0.0,0.5,1.0,1.0,1.0
18,length_only,negative_max,0.7222831062811575,6,0,0,3,3,,0.0,0.0,0.0,0.5,1.0,1.0,1.0
18,length_only,separating_midpoint,1.0000000000000002,6,0,0,3,3,,0.0,0.0,0.0,0.5,1.0,1.0,1.0
18,repetition_only,legacy,0.5698462743503176,6,3,2,1,0,0.6,1.0,0.6666666666666666,0.75,0.6666666666666666,0.6666666666666666,0.0,1.0
18,repetition_only,negative_max,0.5165207492452992,6,3,2,1,0,0.6,1.0,0.6666666666666666,0.75,0.6666666666666666,0.6666666666666666,0.0,1.0
18,repetition_only,separating_midpoint,0.5431835117978083,6,3,2,1,0,0.6,1.0,0.6666666666666666,0.75,0.6666666666666666,0.6666666666666666,0.0,1.0
18,without_repetition,legacy,0.8398168338494479,6,2,0,3,1,1.0,0.6666666666666666,0.0,0.8,0.8333333333333334,1.0,0.33333333333333337,1.0
18,without_repetition,negative_max,0.3952103421965427,6,3,0,3,0,1.0,1.0,0.0,1.0,1.0,1.0,0.0,1.0
18,without_repetition,separating_midpoint,0.6175135880229953,6,3,0,3,0,1.0,1.0,0.0,1.0,1.0,1.0,0.0,1.0
19,original,legacy,0.9320945398480758,6,0,0,3,3,,0.0,0.0,0.0,0.5,1.0,1.0,1.0
19,original,negative_max,0.35063386458370605,6,3,0,3,0,1.0,1.0,0.0,1.0,1.0,1.0,0.0,1.0
19,original,separating_midpoint,0.6413642022158909,6,3,0,3,0,1.0,1.0,0.0,1.0,1.0,1.0,0.0,1.0
19,pilot_selected,legacy,0.5340529173467055,6,0,0,3,3,,0.0,0.0,0.0,0.5,1.0,1.0,1.0
19,pilot_selected,negative_max,0.5020126284437391,6,3,1,2,0,0.75,1.0,0.3333333333333333,0.8571428571428571,0.8333333333333334,1.0,0.0,1.0
19,pilot_selected,separating_midpoint,0.5180327728952222,6,2,0,3,1,1.0,0.6666666666666666,0.0,0.8,0.8333333333333334,1.0,0.33333333333333337,1.0
19,length_only,legacy,0.6932443124450058,6,2,0,3,1,1.0,0.6666666666666666,0.0,0.8,0.8333333333333334,0.8888888888888888,0.33333333333333337,1.0
19,length_only,negative_max,0.15646670632968362,6,3,1,2,0,0.75,1.0,0.3333333333333333,0.8571428571428571,0.8333333333333334,0.8888888888888888,0.0,1.0
19,length_only,separating_midpoint,0.42485550938734473,6,3,1,2,0,0.75,1.0,0.3333333333333333,0.8571428571428571,0.8333333333333334,0.8888888888888888,0.0,1.0
19,repetition_only,legacy,0.6452146663922673,6,3,3,0,0,0.5,1.0,1.0,0.6666666666666666,0.5,0.5,0.0,1.0
19,repetition_only,negative_max,0.4469874303502775,6,3,3,0,0,0.5,1.0,1.0,0.6666666666666666,0.5,0.5,0.0,1.0
19,repetition_only,separating_midpoint,0.5461010483712724,6,3,3,0,0,0.5,1.0,1.0,0.6666666666666666,0.5,0.5,0.0,1.0
19,without_repetition,legacy,0.9296675353318614,6,0,0,3,3,,0.0,0.0,0.0,0.5,1.0,1.0,1.0
19,without_repetition,negative_max,0.35648495482377573,6,3,0,3,0,1.0,1.0,0.0,1.0,1.0,1.0,0.0,1.0
19,without_repetition,separating_midpoint,0.6430762450778186,6,3,0,3,0,1.0,1.0,0.0,1.0,1.0,1.0,0.0,1.0
20,original,legacy,0.8102512332736006,6,3,0,3,0,1.0,1.0,0.0,1.0,1.0,1.0,0.0,1.0
20,original,negative_max,0.380584042202194,6,3,0,3,0,1.0,1.0,0.0,1.0,1.0,1.0,0.0,1.0
20,original,separating_midpoint,0.5954176377378972,6,3,0,3,0,1.0,1.0,0.0,1.0,1.0,1.0,0.0,1.0
20,pilot_selected,legacy,0.5142291738424262,6,2,0,3,1,1.0,0.6666666666666666,0.0,0.8,0.8333333333333334,1.0,0.33333333333333337,1.0
20,pilot_selected,negative_max,0.4980850731785704,6,3,0,3,0,1.0,1.0,0.0,1.0,1.0,1.0,0.0,1.0
20,pilot_selected,separating_midpoint,0.5061571235104982,6,3,0,3,0,1.0,1.0,0.0,1.0,1.0,1.0,0.0,1.0
20,length_only,legacy,0.7284790260308025,6,0,0,3,3,,0.0,0.0,0.0,0.5,1.0,1.0,1.0
20,length_only,negative_max,0.7070175626357411,6,0,0,3,3,,0.0,0.0,0.0,0.5,1.0,1.0,1.0
20,length_only,separating_midpoint,0.7284790260308025,6,0,0,3,3,,0.0,0.0,0.0,0.5,1.0,1.0,1.0
20,repetition_only,legacy,0.5707415998964281,6,3,1,2,0,0.75,1.0,0.3333333333333333,0.8571428571428571,0.8333333333333334,0.8333333333333334,0.0,1.0
20,repetition_only,negative_max,0.5142290862854706,6,3,3,0,0,0.5,1.0,1.0,0.6666666666666666,0.5,0.8333333333333334,0.0,1.0
20,repetition_only,separating_midpoint,0.5424853430909493,6,3,1,2,0,0.75,1.0,0.3333333333333333,0.8571428571428571,0.8333333333333334,0.8333333333333334,0.0,1.0
20,without_repetition,legacy,0.804460115496022,6,3,0,3,0,1.0,1.0,0.0,1.0,1.0,1.0,0.0,1.0
20,without_repetition,negative_max,0.37145517968706926,6,3,0,3,0,1.0,1.0,0.0,1.0,1.0,1.0,0.0,1.0
20,without_repetition,separating_midpoint,0.5879576475915456,6,3,0,3,0,1.0,1.0,0.0,1.0,1.0,1.0,0.0,1.0
21,original,legacy,0.8706613050929876,6,1,0,3,2,1.0,0.3333333333333333,0.0,0.5,0.6666666666666666,1.0,0.6666666666666667,1.0
21,original,negative_max,0.1809549703962197,6,3,1,2,0,0.75,1.0,0.3333333333333333,0.8571428571428571,0.8333333333333334,1.0,0.0,1.0
21,original,separating_midpoint,0.5258081377446036,6,3,0,3,0,1.0,1.0,0.0,1.0,1.0,1.0,0.0,1.0
21,pilot_selected,legacy,0.5251361516632016,6,1,0,3,2,1.0,0.3333333333333333,0.0,0.5,0.6666666666666666,1.0,0.6666666666666667,1.0
21,pilot_selected,negative_max,0.49243936727877463,6,3,0,3,0,1.0,1.0,0.0,1.0,1.0,1.0,0.0,1.0
21,pilot_selected,separating_midpoint,0.5087877594709881,6,3,0,3,0,1.0,1.0,0.0,1.0,1.0,1.0,0.0,1.0
21,length_only,legacy,0.6125396895845425,6,2,1,2,1,0.6666666666666666,0.6666666666666666,0.3333333333333333,0.6666666666666666,0.6666666666666666,0.6666666666666666,0.33333333333333337,1.0
21,length_only,negative_max,0.5932327044222327,6,2,1,2,1,0.6666666666666666,0.6666666666666666,0.3333333333333333,0.6666666666666666,0.6666666666666666,0.6666666666666666,0.33333333333333337,1.0
21,length_only,separating_midpoint,0.6028861970033876,6,2,1,2,1,0.6666666666666666,0.6666666666666666,0.3333333333333333,0.6666666666666666,0.6666666666666666,0.6666666666666666,0.33333333333333337,1.0
21,repetition_only,legacy,0.6324152655559752,6,3,2,1,0,0.6,1.0,0.6666666666666666,0.75,0.6666666666666666,0.6666666666666666,0.0,1.0
21,repetition_only,negative_max,0.3016948819813549,6,3,2,1,0,0.6,1.0,0.6666666666666666,0.75,0.6666666666666666,0.6666666666666666,0.0,1.0
21,repetition_only,separating_midpoint,0.467055073768665,6,3,2,1,0,0.6,1.0,0.6666666666666666,0.75,0.6666666666666666,0.6666666666666666,0.0,1.0
21,without_repetition,legacy,0.8575403959274397,6,1,0,3,2,1.0,0.3333333333333333,0.0,0.5,0.6666666666666666,1.0,0.6666666666666667,1.0
21,without_repetition,negative_max,0.2523076937600834,6,3,0,3,0,1.0,1.0,0.0,1.0,1.0,1.0,0.0,1.0
21,without_repetition,separating_midpoint,0.5549240448437616,6,3,0,3,0,1.0,1.0,0.0,1.0,1.0,1.0,0.0,1.0
22,original,legacy,0.9159354752602866,6,1,0,3,2,1.0,0.3333333333333333,0.0,0.5,0.6666666666666666,1.0,0.6666666666666667,1.0
22,original,negative_max,0.14114055494465597,6,3,1,2,0,0.75,1.0,0.3333333333333333,0.8571428571428571,0.8333333333333334,1.0,0.0,1.0
22,original,separating_midpoint,0.5285380151024712,6,3,0,3,0,1.0,1.0,0.0,1.0,1.0,1.0,0.0,1.0
22,pilot_selected,legacy,0.5238373862133616,6,1,0,3,2,1.0,0.3333333333333333,0.0,0.5,0.6666666666666666,1.0,0.6666666666666667,1.0
22,pilot_selected,negative_max,0.4771674921472855,6,3,1,2,0,0.75,1.0,0.3333333333333333,0.8571428571428571,0.8333333333333334,1.0,0.0,1.0
22,pilot_selected,separating_midpoint,0.5005024391803236,6,3,0,3,0,1.0,1.0,0.0,1.0,1.0,1.0,0.0,1.0
22,length_only,legacy,0.6546019882294869,6,1,1,2,2,0.5,0.3333333333333333,0.3333333333333333,0.4,0.5,0.6666666666666666,0.6666666666666667,1.0
22,length_only,negative_max,0.4709328308675084,6,3,2,1,0,0.6,1.0,0.6666666666666666,0.75,0.6666666666666666,0.6666666666666666,0.0,1.0
22,length_only,separating_midpoint,0.5627674095484976,6,3,2,1,0,0.6,1.0,0.6666666666666666,0.75,0.6666666666666666,0.6666666666666666,0.0,1.0
22,repetition_only,legacy,0.6256751709199191,6,3,2,1,0,0.6,1.0,0.6666666666666666,0.75,0.6666666666666666,0.6666666666666666,0.0,1.0
22,repetition_only,negative_max,0.4198742914760706,6,3,2,1,0,0.6,1.0,0.6666666666666666,0.75,0.6666666666666666,0.6666666666666666,0.0,1.0
22,repetition_only,separating_midpoint,0.5227747311979948,6,3,2,1,0,0.6,1.0,0.6666666666666666,0.75,0.6666666666666666,0.6666666666666666,0.0,1.0
22,without_repetition,legacy,0.9097401812866263,6,1,0,3,2,1.0,0.3333333333333333,0.0,0.5,0.6666666666666666,1.0,0.6666666666666667,1.0
22,without_repetition,negative_max,0.13492736284370865,6,3,1,2,0,0.75,1.0,0.3333333333333333,0.8571428571428571,0.8333333333333334,1.0,0.0,1.0
22,without_repetition,separating_midpoint,0.5223337720651674,6,3,0,3,0,1.0,1.0,0.0,1.0,1.0,1.0,0.0,1.0
23,original,legacy,0.673516308706961,6,3,0,3,0,1.0,1.0,0.0,1.0,1.0,1.0,0.0,1.0
23,original,negative_max,0.1916677778800518,6,3,1,2,0,0.75,1.0,0.3333333333333333,0.8571428571428571,0.8333333333333334,1.0,0.0,1.0
23,original,separating_midpoint,0.43259204329350637,6,3,0,3,0,1.0,1.0,0.0,1.0,1.0,1.0,0.0,1.0
23,pilot_selected,legacy,0.51103039972995,6,3,0,3,0,1.0,1.0,0.0,1.0,1.0,1.0,0.0,1.0
23,pilot_selected,negative_max,0.4868409819449257,6,3,1,2,0,0.75,1.0,0.3333333333333333,0.8571428571428571,0.8333333333333334,1.0,0.0,1.0
23,pilot_selected,separating_midpoint,0.49893569083743783,6,3,0,3,0,1.0,1.0,0.0,1.0,1.0,1.0,0.0,1.0
23,length_only,legacy,1.0000000000000002,6,0,0,3,3,,0.0,0.0,0.0,0.5,1.0,1.0,1.0
23,length_only,negative_max,0.7459699769401261,6,1,0,3,2,1.0,0.3333333333333333,0.0,0.5,0.6666666666666666,1.0,0.6666666666666667,1.0
23,length_only,separating_midpoint,1.0000000000000002,6,0,0,3,3,,0.0,0.0,0.0,0.5,1.0,1.0,1.0
23,repetition_only,legacy,1.0000000000000002,6,0,0,3,3,,0.0,0.0,0.0,0.5,0.8333333333333334,1.0,1.0
23,repetition_only,negative_max,0.6174121890773627,6,0,0,3,3,,0.0,0.0,0.0,0.5,0.8333333333333334,1.0,1.0
23,repetition_only,separating_midpoint,1.0000000000000002,6,0,0,3,3,,0.0,0.0,0.0,0.5,0.8333333333333334,1.0,1.0
23,without_repetition,legacy,0.6476441173257548,6,3,0,3,0,1.0,1.0,0.0,1.0,1.0,1.0,0.0,1.0
23,without_repetition,negative_max,0.15025186849005498,6,3,1,2,0,0.75,1.0,0.3333333333333333,0.8571428571428571,0.8333333333333334,1.0,0.0,1.0
23,without_repetition,separating_midpoint,0.39894799290790484,6,3,0,3,0,1.0,1.0,0.0,1.0,1.0,1.0,0.0,1.0
24,original,legacy,0.8321559999936273,6,2,0,3,1,1.0,0.6666666666666666,0.0,0.8,0.8333333333333334,1.0,0.33333333333333337,1.0
24,original,negative_max,0.07618675430353253,6,3,2,1,0,0.6,1.0,0.6666666666666666,0.75,0.6666666666666666,1.0,0.0,1.0
24,original,separating_midpoint,0.4541713771485799,6,3,0,3,0,1.0,1.0,0.0,1.0,1.0,1.0,0.0,1.0
24,pilot_selected,legacy,0.5134543792639885,6,2,0,3,1,1.0,0.6666666666666666,0.0,0.8,0.8333333333333334,1.0,0.33333333333333337,1.0
24,pilot_selected,negative_max,0.4840137310305019,6,3,0,3,0,1.0,1.0,0.0,1.0,1.0,1.0,0.0,1.0
24,pilot_selected,separating_midpoint,0.49873405514724517,6,3,0,3,0,1.0,1.0,0.0,1.0,1.0,1.0,0.0,1.0
24,length_only,legacy,0.647280840735491,6,1,1,2,2,0.5,0.3333333333333333,0.3333333333333333,0.4,0.5,0.5555555555555556,0.6666666666666667,1.0
24,length_only,negative_max,0.27974751687208216,6,3,3,0,0,0.5,1.0,1.0,0.6666666666666666,0.5,0.5555555555555556,0.0,1.0
24,length_only,separating_midpoint,0.46351417880378654,6,3,2,1,0,0.6,1.0,0.6666666666666666,0.75,0.6666666666666666,0.5555555555555556,0.0,1.0
24,repetition_only,legacy,1.0000000000000002,6,0,0,3,3,,0.0,0.0,0.0,0.5,1.0,1.0,1.0
24,repetition_only,negative_max,0.5912869276085253,6,0,0,3,3,,0.0,0.0,0.0,0.5,1.0,1.0,1.0
24,repetition_only,separating_midpoint,1.0000000000000002,6,0,0,3,3,,0.0,0.0,0.0,0.5,1.0,1.0,1.0
24,without_repetition,legacy,0.8274307288607816,6,2,0,3,1,1.0,0.6666666666666666,0.0,0.8,0.8333333333333334,1.0,0.33333333333333337,1.0
24,without_repetition,negative_max,0.06250254665044849,6,3,2,1,0,0.6,1.0,0.6666666666666666,0.75,0.6666666666666666,1.0,0.0,1.0
24,without_repetition,separating_midpoint,0.44496663775561507,6,3,0,3,0,1.0,1.0,0.0,1.0,1.0,1.0,0.0,1.0
25,original,legacy,0.7178101173588337,6,3,0,3,0,1.0,1.0,0.0,1.0,1.0,1.0,0.0,1.0
25,original,negative_max,0.22096892327687878,6,3,0,3,0,1.0,1.0,0.0,1.0,1.0,1.0,0.0,1.0
25,original,separating_midpoint,0.46938952031785625,6,3,0,3,0,1.0,1.0,0.0,1.0,1.0,1.0,0.0,1.0
25,pilot_selected,legacy,0.5127726287735791,6,3,0,3,0,1.0,1.0,0.0,1.0,1.0,1.0,0.0,1.0
25,pilot_selected,negative_max,0.4952005904693256,6,3,0,3,0,1.0,1.0,0.0,1.0,1.0,1.0,0.0,1.0
25,pilot_selected,separating_midpoint,0.5039866096214523,6,3,0,3,0,1.0,1.0,0.0,1.0,1.0,1.0,0.0,1.0
25,length_only,legacy,0.7366697293202543,6,0,0,3,3,,0.0,0.0,0.0,0.5,1.0,1.0,1.0
25,length_only,negative_max,0.6783230352418667,6,2,0,3,1,1.0,0.6666666666666666,0.0,0.8,0.8333333333333334,1.0,0.33333333333333337,1.0
25,length_only,separating_midpoint,0.7366697293202543,6,0,0,3,3,,0.0,0.0,0.0,0.5,1.0,1.0,1.0
25,repetition_only,legacy,1.0000000000000002,6,0,0,3,3,,0.0,0.0,0.0,0.5,0.8333333333333334,1.0,1.0
25,repetition_only,negative_max,0.6526682144321302,6,0,0,3,3,,0.0,0.0,0.0,0.5,0.8333333333333334,1.0,1.0
25,repetition_only,separating_midpoint,1.0000000000000002,6,0,0,3,3,,0.0,0.0,0.0,0.5,0.8333333333333334,1.0,1.0
25,without_repetition,legacy,0.674588634021964,6,3,0,3,0,1.0,1.0,0.0,1.0,1.0,1.0,0.0,1.0
25,without_repetition,negative_max,0.16870948563338636,6,3,0,3,0,1.0,1.0,0.0,1.0,1.0,1.0,0.0,1.0
25,without_repetition,separating_midpoint,0.4216490598276752,6,3,0,3,0,1.0,1.0,0.0,1.0,1.0,1.0,0.0,1.0
26,original,legacy,0.7967410262141248,6,3,0,3,0,1.0,1.0,0.0,1.0,1.0,1.0,0.0,1.0
26,original,negative_max,0.4545325071952818,6,3,0,3,0,1.0,1.0,0.0,1.0,1.0,1.0,0.0,1.0
26,original,separating_midpoint,0.6256367667047033,6,3,0,3,0,1.0,1.0,0.0,1.0,1.0,1.0,0.0,1.0
26,pilot_selected,legacy,0.5151571143340332,6,3,0,3,0,1.0,1.0,0.0,1.0,1.0,1.0,0.0,1.0
26,pilot_selected,negative_max,0.5035271821120187,6,3,0,3,0,1.0,1.0,0.0,1.0,1.0,1.0,0.0,1.0
26,pilot_selected,separating_midpoint,0.5093421482230259,6,3,0,3,0,1.0,1.0,0.0,1.0,1.0,1.0,0.0,1.0
26,length_only,legacy,0.6134750811270951,6,3,0,3,0,1.0,1.0,0.0,1.0,1.0,1.0,0.0,1.0
26,length_only,negative_max,0.6068965362824535,6,3,0,3,0,1.0,1.0,0.0,1.0,1.0,1.0,0.0,1.0
26,length_only,separating_midpoint,0.6101858087047742,6,3,0,3,0,1.0,1.0,0.0,1.0,1.0,1.0,0.0,1.0
26,repetition_only,legacy,1.0000000000000002,6,0,0,3,3,,0.0,0.0,0.0,0.5,0.8333333333333334,1.0,1.0
26,repetition_only,negative_max,0.6151513880208617,6,0,0,3,3,,0.0,0.0,0.0,0.5,0.8333333333333334,1.0,1.0
26,repetition_only,separating_midpoint,1.0000000000000002,6,0,0,3,3,,0.0,0.0,0.0,0.5,0.8333333333333334,1.0,1.0
26,without_repetition,legacy,0.7793131694783799,6,3,0,3,0,1.0,1.0,0.0,1.0,1.0,1.0,0.0,1.0
26,without_repetition,negative_max,0.4759472378475619,6,3,0,3,0,1.0,1.0,0.0,1.0,1.0,1.0,0.0,1.0
26,without_repetition,separating_midpoint,0.6276302036629708,6,3,0,3,0,1.0,1.0,0.0,1.0,1.0,1.0,0.0,1.0
27,original,legacy,0.7745636983981414,6,3,0,3,0,1.0,1.0,0.0,1.0,1.0,1.0,0.0,1.0
27,original,negative_max,0.25970119650951706,6,3,0,3,0,1.0,1.0,0.0,1.0,1.0,1.0,0.0,1.0
27,original,separating_midpoint,0.5171324474538292,6,3,0,3,0,1.0,1.0,0.0,1.0,1.0,1.0,0.0,1.0
27,pilot_selected,legacy,0.5147821249754316,6,2,0,3,1,1.0,0.6666666666666666,0.0,0.8,0.8333333333333334,1.0,0.33333333333333337,1.0
27,pilot_selected,negative_max,0.48531171393156824,6,3,1,2,0,0.75,1.0,0.3333333333333333,0.8571428571428571,0.8333333333333334,1.0,0.0,1.0
27,pilot_selected,separating_midpoint,0.5000469194534999,6,3,0,3,0,1.0,1.0,0.0,1.0,1.0,1.0,0.0,1.0
27,length_only,legacy,1.0000000000000002,6,0,0,3,3,,0.0,0.0,0.0,0.5,1.0,1.0,1.0
27,length_only,negative_max,0.6965708647642538,6,3,0,3,0,1.0,1.0,0.0,1.0,1.0,1.0,0.0,1.0
27,length_only,separating_midpoint,1.0000000000000002,6,0,0,3,3,,0.0,0.0,0.0,0.5,1.0,1.0,1.0
27,repetition_only,legacy,0.5667697806491874,6,3,2,1,0,0.6,1.0,0.6666666666666666,0.75,0.6666666666666666,0.6666666666666666,0.0,1.0
27,repetition_only,negative_max,0.5132353033587255,6,3,2,1,0,0.6,1.0,0.6666666666666666,0.75,0.6666666666666666,0.6666666666666666,0.0,1.0
27,repetition_only,separating_midpoint,0.5400025420039564,6,3,2,1,0,0.6,1.0,0.6666666666666666,0.75,0.6666666666666666,0.6666666666666666,0.0,1.0
27,without_repetition,legacy,0.7692644745977792,6,3,0,3,0,1.0,1.0,0.0,1.0,1.0,1.0,0.0,1.0
27,without_repetition,negative_max,0.27565432957764224,6,3,0,3,0,1.0,1.0,0.0,1.0,1.0,1.0,0.0,1.0
27,without_repetition,separating_midpoint,0.5224594020877107,6,3,0,3,0,1.0,1.0,0.0,1.0,1.0,1.0,0.0,1.0
28,original,legacy,0.9114792103141793,6,3,0,3,0,1.0,1.0,0.0,1.0,1.0,1.0,0.0,1.0
28,original,negative_max,0.092680795685807,6,3,1,2,0,0.75,1.0,0.3333333333333333,0.8571428571428571,0.8333333333333334,1.0,0.0,1.0
28,original,separating_midpoint,0.5020800029999931,6,3,0,3,0,1.0,1.0,0.0,1.0,1.0,1.0,0.0,1.0
28,pilot_selected,legacy,0.5267669872153357,6,3,0,3,0,1.0,1.0,0.0,1.0,1.0,1.0,0.0,1.0
28,pilot_selected,negative_max,0.4660931301278851,6,3,1,2,0,0.75,1.0,0.3333333333333333,0.8571428571428571,0.8333333333333334,1.0,0.0,1.0
28,pilot_selected,separating_midpoint,0.4964300586716104,6,3,0,3,0,1.0,1.0,0.0,1.0,1.0,1.0,0.0,1.0
28,length_only,legacy,0.5838567282921221,6,3,0,3,0,1.0,1.0,0.0,1.0,1.0,1.0,0.0,1.0
28,length_only,negative_max,0.5780990470131335,6,3,0,3,0,1.0,1.0,0.0,1.0,1.0,1.0,0.0,1.0
28,length_only,separating_midpoint,0.5809778876526277,6,3,0,3,0,1.0,1.0,0.0,1.0,1.0,1.0,0.0,1.0
28,repetition_only,legacy,1.0000000000000002,6,0,0,3,3,,0.0,0.0,0.0,0.5,1.0,1.0,1.0
28,repetition_only,negative_max,0.5905604678517185,6,0,0,3,3,,0.0,0.0,0.0,0.5,1.0,1.0,1.0
28,repetition_only,separating_midpoint,1.0000000000000002,6,0,0,3,3,,0.0,0.0,0.0,0.5,1.0,1.0,1.0
28,without_repetition,legacy,0.9075882106637264,6,3,0,3,0,1.0,1.0,0.0,1.0,1.0,1.0,0.0,1.0
28,without_repetition,negative_max,0.057154635911800054,6,3,1,2,0,0.75,1.0,0.3333333333333333,0.8571428571428571,0.8333333333333334,1.0,0.0,1.0
28,without_repetition,separating_midpoint,0.4823714232877632,6,3,0,3,0,1.0,1.0,0.0,1.0,1.0,1.0,0.0,1.0
29,original,legacy,0.6398937413205608,6,3,0,3,0,1.0,1.0,0.0,1.0,1.0,1.0,0.0,1.0
29,original,negative_max,0.19503215778356092,6,3,0,3,0,1.0,1.0,0.0,1.0,1.0,1.0,0.0,1.0
29,original,separating_midpoint,0.4174629495520608,6,3,0,3,0,1.0,1.0,0.0,1.0,1.0,1.0,0.0,1.0
29,pilot_selected,legacy,0.5076906063391698,6,3,0,3,0,1.0,1.0,0.0,1.0,1.0,1.0,0.0,1.0
29,pilot_selected,negative_max,0.48363811893342973,6,3,1,2,0,0.75,1.0,0.3333333333333333,0.8571428571428571,0.8333333333333334,1.0,0.0,1.0
29,pilot_selected,separating_midpoint,0.49566436263629976,6,3,0,3,0,1.0,1.0,0.0,1.0,1.0,1.0,0.0,1.0
29,length_only,legacy,1.0000000000000002,6,0,0,3,3,,0.0,0.0,0.0,0.5,1.0,1.0,1.0
29,length_only,negative_max,0.6964108988555926,6,1,0,3,2,1.0,0.3333333333333333,0.0,0.5,0.6666666666666666,1.0,0.6666666666666667,1.0
29,length_only,separating_midpoint,1.0000000000000002,6,0,0,3,3,,0.0,0.0,0.0,0.5,1.0,1.0,1.0
29,repetition_only,legacy,1.0000000000000002,6,0,0,3,3,,0.0,0.0,0.0,0.5,0.6666666666666666,1.0,1.0
29,repetition_only,negative_max,0.5716123771838458,6,0,0,3,3,,0.0,0.0,0.0,0.5,0.6666666666666666,1.0,1.0
29,repetition_only,separating_midpoint,1.0000000000000002,6,0,0,3,3,,0.0,0.0,0.0,0.5,0.6666666666666666,1.0,1.0
29,without_repetition,legacy,0.6304357931783287,6,3,0,3,0,1.0,1.0,0.0,1.0,1.0,1.0,0.0,1.0
29,without_repetition,negative_max,0.1971399554856663,6,3,0,3,0,1.0,1.0,0.0,1.0,1.0,1.0,0.0,1.0
29,without_repetition,separating_midpoint,0.4137878743319975,6,3,0,3,0,1.0,1.0,0.0,1.0,1.0,1.0,0.0,1.0
30,original,legacy,0.9442907859721406,6,2,0,3,1,1.0,0.6666666666666666,0.0,0.8,0.8333333333333334,1.0,0.33333333333333337,1.0
30,original,negative_max,0.6199755939133829,6,3,0,3,0,1.0,1.0,0.0,1.0,1.0,1.0,0.0,1.0
30,original,separating_midpoint,0.7821331899427617,6,3,0,3,0,1.0,1.0,0.0,1.0,1.0,1.0,0.0,1.0
30,pilot_selected,legacy,0.5365417257766001,6,1,0,3,2,1.0,0.3333333333333333,0.0,0.5,0.6666666666666666,1.0,0.6666666666666667,1.0
30,pilot_selected,negative_max,0.5048280239457453,6,3,0,3,0,1.0,1.0,0.0,1.0,1.0,1.0,0.0,1.0
30,pilot_selected,separating_midpoint,0.5206848748611727,6,3,0,3,0,1.0,1.0,0.0,1.0,1.0,1.0,0.0,1.0
30,length_only,legacy,1.0000000000000002,6,0,0,3,3,,0.0,0.0,0.0,0.5,1.0,1.0,1.0
30,length_only,negative_max,0.6642542633599953,6,0,0,3,3,,0.0,0.0,0.0,0.5,1.0,1.0,1.0
30,length_only,separating_midpoint,1.0000000000000002,6,0,0,3,3,,0.0,0.0,0.0,0.5,1.0,1.0,1.0
30,repetition_only,legacy,0.6154207201343692,6,3,2,1,0,0.6,1.0,0.6666666666666666,0.75,0.6666666666666666,0.6666666666666666,0.0,1.0
30,repetition_only,negative_max,0.4542527804851813,6,3,2,1,0,0.6,1.0,0.6666666666666666,0.75,0.6666666666666666,0.6666666666666666,0.0,1.0
30,repetition_only,separating_midpoint,0.5348367503097753,6,3,2,1,0,0.6,1.0,0.6666666666666666,0.75,0.6666666666666666,0.6666666666666666,0.0,1.0
30,without_repetition,legacy,0.9463391703117019,6,2,0,3,1,1.0,0.6666666666666666,0.0,0.8,0.8333333333333334,1.0,0.33333333333333337,1.0
30,without_repetition,negative_max,0.6244982441392002,6,3,0,3,0,1.0,1.0,0.0,1.0,1.0,1.0,0.0,1.0
30,without_repetition,separating_midpoint,0.785418707225451,6,3,0,3,0,1.0,1.0,0.0,1.0,1.0,1.0,0.0,1.0
31,original,legacy,0.9034721190683892,6,1,0,3,2,1.0,0.3333333333333333,0.0,0.5,0.6666666666666666,1.0,0.6666666666666667,1.0
31,original,negative_max,0.08360399150884039,6,3,2,1,0,0.6,1.0,0.6666666666666666,0.75,0.6666666666666666,1.0,0.0,1.0
31,original,separating_midpoint,0.4935380552886148,6,3,0,3,0,1.0,1.0,0.0,1.0,1.0,1.0,0.0,1.0
31,pilot_selected,legacy,0.5254924238379939,6,0,0,3,3,,0.0,0.0,0.0,0.5,1.0,1.0,1.0
31,pilot_selected,negative_max,0.45676245324403936,6,3,3,0,0,0.5,1.0,1.0,0.6666666666666666,0.5,1.0,0.0,1.0
31,pilot_selected,separating_midpoint,0.4911274385410166,6,3,1,2,0,0.75,1.0,0.3333333333333333,0.8571428571428571,0.8333333333333334,1.0,0.0,1.0
31,length_only,legacy,0.6139747218801628,6,1,0,3,2,1.0,0.3333333333333333,0.0,0.5,0.6666666666666666,0.8888888888888888,0.6666666666666667,1.0
31,length_only,negative_max,0.5625063096136773,6,3,1,2,0,0.75,1.0,0.3333333333333333,0.8571428571428571,0.8333333333333334,0.8888888888888888,0.0,1.0
31,length_only,separating_midpoint,0.5882405157469199,6,2,1,2,1,0.6666666666666666,0.6666666666666666,0.3333333333333333,0.6666666666666666,0.6666666666666666,0.8888888888888888,0.33333333333333337,1.0
31,repetition_only,legacy,0.5612642595805403,6,3,1,2,0,0.75,1.0,0.3333333333333333,0.8571428571428571,0.8333333333333334,0.8333333333333334,0.0,1.0
31,repetition_only,negative_max,0.5125600690003501,6,3,1,2,0,0.75,1.0,0.3333333333333333,0.8571428571428571,0.8333333333333334,0.8333333333333334,0.0,1.0
31,repetition_only,separating_midpoint,0.5369121642904451,6,3,1,2,0,0.75,1.0,0.3333333333333333,0.8571428571428571,0.8333333333333334,0.8333333333333334,0.0,1.0
31,without_repetition,legacy,0.9011836441826754,6,1,0,3,2,1.0,0.3333333333333333,0.0,0.5,0.6666666666666666,1.0,0.6666666666666667,1.0
31,without_repetition,negative_max,0.09324706287720726,6,3,2,1,0,0.6,1.0,0.6666666666666666,0.75,0.6666666666666666,1.0,0.0,1.0
31,without_repetition,separating_midpoint,0.4972153535299413,6,3,0,3,0,1.0,1.0,0.0,1.0,1.0,1.0,0.0,1.0
32,original,legacy,0.8104467497403047,6,2,0,3,1,1.0,0.6666666666666666,0.0,0.8,0.8333333333333334,1.0,0.33333333333333337,1.0
32,original,negative_max,0.3570258400944682,6,3,0,3,0,1.0,1.0,0.0,1.0,1.0,1.0,0.0,1.0
32,original,separating_midpoint,0.5837362949173864,6,3,0,3,0,1.0,1.0,0.0,1.0,1.0,1.0,0.0,1.0
32,pilot_selected,legacy,0.5160296562026773,6,2,0,3,1,1.0,0.6666666666666666,0.0,0.8,0.8333333333333334,1.0,0.33333333333333337,1.0
32,pilot_selected,negative_max,0.4995088970546142,6,3,0,3,0,1.0,1.0,0.0,1.0,1.0,1.0,0.0,1.0
32,pilot_selected,separating_midpoint,0.5077692766286457,6,3,0,3,0,1.0,1.0,0.0,1.0,1.0,1.0,0.0,1.0
32,length_only,legacy,0.6520920456142854,6,2,1,2,1,0.6666666666666666,0.6666666666666666,0.3333333333333333,0.6666666666666666,0.6666666666666666,0.5555555555555556,0.33333333333333337,1.0
32,length_only,negative_max,0.6052752434965633,6,2,1,2,1,0.6666666666666666,0.6666666666666666,0.3333333333333333,0.6666666666666666,0.6666666666666666,0.5555555555555556,0.33333333333333337,1.0
32,length_only,separating_midpoint,0.6286836445554242,6,2,1,2,1,0.6666666666666666,0.6666666666666666,0.3333333333333333,0.6666666666666666,0.6666666666666666,0.5555555555555556,0.33333333333333337,1.0
32,repetition_only,legacy,1.0000000000000002,6,0,0,3,3,,0.0,0.0,0.0,0.5,0.8333333333333334,1.0,1.0
32,repetition_only,negative_max,0.5708866246362079,6,0,0,3,3,,0.0,0.0,0.0,0.5,0.8333333333333334,1.0,1.0
32,repetition_only,separating_midpoint,1.0000000000000002,6,0,0,3,3,,0.0,0.0,0.0,0.5,0.8333333333333334,1.0,1.0
32,without_repetition,legacy,0.8090144469853568,6,2,0,3,1,1.0,0.6666666666666666,0.0,0.8,0.8333333333333334,1.0,0.33333333333333337,1.0
32,without_repetition,negative_max,0.3421516127617964,6,3,0,3,0,1.0,1.0,0.0,1.0,1.0,1.0,0.0,1.0
32,without_repetition,separating_midpoint,0.5755830298735766,6,3,0,3,0,1.0,1.0,0.0,1.0,1.0,1.0,0.0,1.0
33,original,legacy,0.8150744907540577,6,1,0,3,2,1.0,0.3333333333333333,0.0,0.5,0.6666666666666666,1.0,0.6666666666666667,1.0
33,original,negative_max,0.3448847286665362,6,3,2,1,0,0.6,1.0,0.6666666666666666,0.75,0.6666666666666666,1.0,0.0,1.0
33,original,separating_midpoint,0.5799796097102969,6,3,0,3,0,1.0,1.0,0.0,1.0,1.0,1.0,0.0,1.0
33,pilot_selected,legacy,0.513944242922886,6,2,0,3,1,1.0,0.6666666666666666,0.0,0.8,0.8333333333333334,1.0,0.33333333333333337,1.0
33,pilot_selected,negative_max,0.48245373475149683,6,3,3,0,0,0.5,1.0,1.0,0.6666666666666666,0.5,1.0,0.0,1.0
33,pilot_selected,separating_midpoint,0.4981989888371914,6,3,0,3,0,1.0,1.0,0.0,1.0,1.0,1.0,0.0,1.0
33,length_only,legacy,1.0000000000000002,6,0,0,3,3,,0.0,0.0,0.0,0.5,0.3333333333333333,1.0,1.0
33,length_only,negative_max,0.8588491316326279,6,1,2,1,2,0.3333333333333333,0.3333333333333333,0.6666666666666666,0.3333333333333333,0.3333333333333333,0.3333333333333333,0.6666666666666667,1.0
33,length_only,separating_midpoint,1.0000000000000002,6,0,0,3,3,,0.0,0.0,0.0,0.5,0.3333333333333333,1.0,1.0
33,repetition_only,legacy,1.0000000000000002,6,0,0,3,3,,0.0,0.0,0.0,0.5,0.8333333333333334,1.0,1.0
33,repetition_only,negative_max,0.5835439102222542,6,0,0,3,3,,0.0,0.0,0.0,0.5,0.8333333333333334,1.0,1.0
33,repetition_only,separating_midpoint,1.0000000000000002,6,0,0,3,3,,0.0,0.0,0.0,0.5,0.8333333333333334,1.0,1.0
33,without_repetition,legacy,0.8124783757470542,6,1,0,3,2,1.0,0.3333333333333333,0.0,0.5,0.6666666666666666,1.0,0.6666666666666667,1.0
33,without_repetition,negative_max,0.31449550566648543,6,3,2,1,0,0.6,1.0,0.6666666666666666,0.75,0.6666666666666666,1.0,0.0,1.0
33,without_repetition,separating_midpoint,0.5634869407067697,6,3,0,3,0,1.0,1.0,0.0,1.0,1.0,1.0,0.0,1.0
34,original,legacy,0.8109757122383742,6,3,0,3,0,1.0,1.0,0.0,1.0,1.0,1.0,0.0,1.0
34,original,negative_max,0.06524052191625099,6,3,1,2,0,0.75,1.0,0.3333333333333333,0.8571428571428571,0.8333333333333334,1.0,0.0,1.0
34,original,separating_midpoint,0.43810811707731256,6,3,0,3,0,1.0,1.0,0.0,1.0,1.0,1.0,0.0,1.0
34,pilot_selected,legacy,0.5130567534591169,6,3,0,3,0,1.0,1.0,0.0,1.0,1.0,1.0,0.0,1.0
34,pilot_selected,negative_max,0.47838548834010114,6,3,0,3,0,1.0,1.0,0.0,1.0,1.0,1.0,0.0,1.0
34,pilot_selected,separating_midpoint,0.495721120899609,6,3,0,3,0,1.0,1.0,0.0,1.0,1.0,1.0,0.0,1.0
34,length_only,legacy,0.6028006205529672,6,2,0,3,1,1.0,0.6666666666666666,0.0,0.8,0.8333333333333334,1.0,0.33333333333333337,1.0
34,length_only,negative_max,0.4357241519671236,6,3,2,1,0,0.6,1.0,0.6666666666666666,0.75,0.6666666666666666,1.0,0.0,1.0
34,length_only,separating_midpoint,0.5192623862600454,6,3,1,2,0,0.75,1.0,0.3333333333333333,0.8571428571428571,0.8333333333333334,1.0,0.0,1.0
34,repetition_only,legacy,1.0000000000000002,6,0,0,3,3,,0.0,0.0,0.0,0.5,1.0,1.0,1.0
34,repetition_only,negative_max,0.5624895820823457,6,0,0,3,3,,0.0,0.0,0.0,0.5,1.0,1.0,1.0
34,repetition_only,separating_midpoint,1.0000000000000002,6,0,0,3,3,,0.0,0.0,0.0,0.5,1.0,1.0,1.0
34,without_repetition,legacy,0.8096436465640316,6,3,0,3,0,1.0,1.0,0.0,1.0,1.0,1.0,0.0,1.0
34,without_repetition,negative_max,0.05698210408744952,6,3,1,2,0,0.75,1.0,0.3333333333333333,0.8571428571428571,0.8333333333333334,1.0,0.0,1.0
34,without_repetition,separating_midpoint,0.4333128753257406,6,3,0,3,0,1.0,1.0,0.0,1.0,1.0,1.0,0.0,1.0
35,original,legacy,0.7470159077663584,6,2,0,3,1,1.0,0.6666666666666666,0.0,0.8,0.8333333333333334,1.0,0.33333333333333337,1.0
35,original,negative_max,0.16522522750069096,6,3,1,2,0,0.75,1.0,0.3333333333333333,0.8571428571428571,0.8333333333333334,1.0,0.0,1.0
35,original,separating_midpoint,0.45612056763352465,6,3,0,3,0,1.0,1.0,0.0,1.0,1.0,1.0,0.0,1.0
35,pilot_selected,legacy,0.5132046417600425,6,2,0,3,1,1.0,0.6666666666666666,0.0,0.8,0.8333333333333334,1.0,0.33333333333333337,1.0
35,pilot_selected,negative_max,0.4799299355529913,6,3,1,2,0,0.75,1.0,0.3333333333333333,0.8571428571428571,0.8333333333333334,1.0,0.0,1.0
35,pilot_selected,separating_midpoint,0.4965672886565169,6,3,0,3,0,1.0,1.0,0.0,1.0,1.0,1.0,0.0,1.0
35,length_only,legacy,0.7276894133913769,6,1,1,2,2,0.5,0.3333333333333333,0.3333333333333333,0.4,0.5,0.7777777777777778,0.6666666666666667,1.0
35,length_only,negative_max,0.6978255102645247,6,2,1,2,1,0.6666666666666666,0.6666666666666666,0.3333333333333333,0.6666666666666666,0.6666666666666666,0.7777777777777778,0.33333333333333337,1.0
35,length_only,separating_midpoint,0.7276894133913769,6,1,1,2,2,0.5,0.3333333333333333,0.3333333333333333,0.4,0.5,0.7777777777777778,0.6666666666666667,1.0
35,repetition_only,legacy,1.0000000000000002,6,0,0,3,3,,0.0,0.0,0.0,0.5,0.5,1.0,1.0
35,repetition_only,negative_max,0.5820972565491194,6,0,0,3,3,,0.0,0.0,0.0,0.5,0.5,1.0,1.0
35,repetition_only,separating_midpoint,1.0000000000000002,6,0,0,3,3,,0.0,0.0,0.0,0.5,0.5,1.0,1.0
35,without_repetition,legacy,0.7473251036622856,6,2,0,3,1,1.0,0.6666666666666666,0.0,0.8,0.8333333333333334,1.0,0.33333333333333337,1.0
35,without_repetition,negative_max,0.1338542945764741,6,3,2,1,0,0.6,1.0,0.6666666666666666,0.75,0.6666666666666666,1.0,0.0,1.0
35,without_repetition,separating_midpoint,0.44058969911937984,6,3,0,3,0,1.0,1.0,0.0,1.0,1.0,1.0,0.0,1.0
36,original,legacy,0.9116370573121004,6,1,0,3,2,1.0,0.3333333333333333,0.0,0.5,0.6666666666666666,1.0,0.6666666666666667,1.0
36,original,negative_max,0.06462338679472697,6,3,3,0,0,0.5,1.0,1.0,0.6666666666666666,0.5,1.0,0.0,1.0
36,original,separating_midpoint,0.4881302220534137,6,3,0,3,0,1.0,1.0,0.0,1.0,1.0,1.0,0.0,1.0
36,pilot_selected,legacy,0.5305868088798394,6,1,0,3,2,1.0,0.3333333333333333,0.0,0.5,0.6666666666666666,1.0,0.6666666666666667,1.0
36,pilot_selected,negative_max,0.4630841356718641,6,3,3,0,0,0.5,1.0,1.0,0.6666666666666666,0.5,1.0,0.0,1.0
36,pilot_selected,separating_midpoint,0.4968354722758518,6,3,0,3,0,1.0,1.0,0.0,1.0,1.0,1.0,0.0,1.0
36,length_only,legacy,0.6431513469018898,6,1,2,1,2,0.3333333333333333,0.3333333333333333,0.6666666666666666,0.3333333333333333,0.3333333333333333,0.3333333333333333,0.6666666666666667,1.0
36,length_only,negative_max,0.3247065534208404,6,3,3,0,0,0.5,1.0,1.0,0.6666666666666666,0.5,0.3333333333333333,0.0,1.0
36,length_only,separating_midpoint,0.48392895016136506,6,3,2,1,0,0.6,1.0,0.6666666666666666,0.75,0.6666666666666666,0.3333333333333333,0.0,1.0
36,repetition_only,legacy,0.6144002742477018,6,3,2,1,0,0.6,1.0,0.6666666666666666,0.75,0.6666666666666666,0.6666666666666666,0.0,1.0
36,repetition_only,negative_max,0.4332926275070103,6,3,2,1,0,0.6,1.0,0.6666666666666666,0.75,0.6666666666666666,0.6666666666666666,0.0,1.0
36,repetition_only,separating_midpoint,0.523846450877356,6,3,2,1,0,0.6,1.0,0.6666666666666666,0.75,0.6666666666666666,0.6666666666666666,0.0,1.0
36,without_repetition,legacy,0.9107010372982826,6,1,0,3,2,1.0,0.3333333333333333,0.0,0.5,0.6666666666666666,1.0,0.6666666666666667,1.0
36,without_repetition,negative_max,0.06367358227840765,6,3,2,1,0,0.6,1.0,0.6666666666666666,0.75,0.6666666666666666,1.0,0.0,1.0
36,without_repetition,separating_midpoint,0.4871873097883451,6,3,0,3,0,1.0,1.0,0.0,1.0,1.0,1.0,0.0,1.0
37,original,legacy,0.6595737853116467,6,3,0,3,0,1.0,1.0,0.0,1.0,1.0,1.0,0.0,1.0
37,original,negative_max,0.39880974947946557,6,3,0,3,0,1.0,1.0,0.0,1.0,1.0,1.0,0.0,1.0
37,original,separating_midpoint,0.5291917673955561,6,3,0,3,0,1.0,1.0,0.0,1.0,1.0,1.0,0.0,1.0
37,pilot_selected,legacy,0.5118862571043185,6,3,0,3,0,1.0,1.0,0.0,1.0,1.0,1.0,0.0,1.0
37,pilot_selected,negative_max,0.5031041916268357,6,3,1,2,0,0.75,1.0,0.3333333333333333,0.8571428571428571,0.8333333333333334,1.0,0.0,1.0
37,pilot_selected,separating_midpoint,0.507495224365577,6,3,0,3,0,1.0,1.0,0.0,1.0,1.0,1.0,0.0,1.0
37,length_only,legacy,0.7106750011636314,6,1,0,3,2,1.0,0.3333333333333333,0.0,0.5,0.6666666666666666,1.0,0.6666666666666667,1.0
37,length_only,negative_max,0.6756548958404032,6,1,0,3,2,1.0,0.3333333333333333,0.0,0.5,0.6666666666666666,1.0,0.6666666666666667,1.0
37,length_only,separating_midpoint,0.7106750011636314,6,1,0,3,2,1.0,0.3333333333333333,0.0,0.5,0.6666666666666666,1.0,0.6666666666666667,1.0
37,repetition_only,legacy,1.0000000000000002,6,0,0,3,3,,0.0,0.0,0.0,0.5,0.8333333333333334,1.0,1.0
37,repetition_only,negative_max,0.6727378513604585,6,0,0,3,3,,0.0,0.0,0.0,0.5,0.8333333333333334,1.0,1.0
37,repetition_only,separating_midpoint,1.0000000000000002,6,0,0,3,3,,0.0,0.0,0.0,0.5,0.8333333333333334,1.0,1.0
37,without_repetition,legacy,0.6172325904502002,6,3,0,3,0,1.0,1.0,0.0,1.0,1.0,1.0,0.0,1.0
37,without_repetition,negative_max,0.28336523287920223,6,3,0,3,0,1.0,1.0,0.0,1.0,1.0,1.0,0.0,1.0
37,without_repetition,separating_midpoint,0.45029891166470115,6,3,0,3,0,1.0,1.0,0.0,1.0,1.0,1.0,0.0,1.0
38,original,legacy,0.6652020783497951,6,3,0,3,0,1.0,1.0,0.0,1.0,1.0,1.0,0.0,1.0
38,original,negative_max,0.43448375817499935,6,3,0,3,0,1.0,1.0,0.0,1.0,1.0,1.0,0.0,1.0
38,original,separating_midpoint,0.5498429182623972,6,3,0,3,0,1.0,1.0,0.0,1.0,1.0,1.0,0.0,1.0
38,pilot_selected,legacy,0.5095175830335051,6,3,0,3,0,1.0,1.0,0.0,1.0,1.0,1.0,0.0,1.0
38,pilot_selected,negative_max,0.5030147857875669,6,3,0,3,0,1.0,1.0,0.0,1.0,1.0,1.0,0.0,1.0
38,pilot_selected,separating_midpoint,0.506266184410536,6,3,0,3,0,1.0,1.0,0.0,1.0,1.0,1.0,0.0,1.0
38,length_only,legacy,1.0000000000000002,6,0,0,3,3,,0.0,0.0,0.0,0.5,1.0,1.0,1.0
38,length_only,negative_max,0.7668597617668311,6,1,0,3,2,1.0,0.3333333333333333,0.0,0.5,0.6666666666666666,1.0,0.6666666666666667,1.0
38,length_only,separating_midpoint,1.0000000000000002,6,0,0,3,3,,0.0,0.0,0.0,0.5,1.0,1.0,1.0
38,repetition_only,legacy,1.0000000000000002,6,0,0,3,3,,0.0,0.0,0.0,0.5,0.8333333333333334,1.0,1.0
38,repetition_only,negative_max,0.6072507397707602,6,0,0,3,3,,0.0,0.0,0.0,0.5,0.8333333333333334,1.0,1.0
38,repetition_only,separating_midpoint,1.0000000000000002,6,0,0,3,3,,0.0,0.0,0.0,0.5,0.8333333333333334,1.0,1.0
38,without_repetition,legacy,0.6545362162228247,6,3,0,3,0,1.0,1.0,0.0,1.0,1.0,1.0,0.0,1.0
38,without_repetition,negative_max,0.43776746386304327,6,3,0,3,0,1.0,1.0,0.0,1.0,1.0,1.0,0.0,1.0
38,without_repetition,separating_midpoint,0.5461518400429339,6,3,0,3,0,1.0,1.0,0.0,1.0,1.0,1.0,0.0,1.0
39,original,legacy,0.856785560294996,6,3,0,3,0,1.0,1.0,0.0,1.0,1.0,1.0,0.0,1.0
39,original,negative_max,0.4325654093672466,6,3,1,2,0,0.75,1.0,0.3333333333333333,0.8571428571428571,0.8333333333333334,1.0,0.0,1.0
39,original,separating_midpoint,0.6446754848311212,6,3,0,3,0,1.0,1.0,0.0,1.0,1.0,1.0,0.0,1.0
39,pilot_selected,legacy,0.5170127718149515,6,3,0,3,0,1.0,1.0,0.0,1.0,1.0,1.0,0.0,1.0
39,pilot_selected,negative_max,0.4882097340935115,6,3,1,2,0,0.75,1.0,0.3333333333333333,0.8571428571428571,0.8333333333333334,1.0,0.0,1.0
39,pilot_selected,separating_midpoint,0.5026112529542315,6,3,0,3,0,1.0,1.0,0.0,1.0,1.0,1.0,0.0,1.0
39,length_only,legacy,1.0000000000000002,6,0,0,3,3,,0.0,0.0,0.0,0.5,1.0,1.0,1.0
39,length_only,negative_max,0.7297453030866132,6,1,0,3,2,1.0,0.3333333333333333,0.0,0.5,0.6666666666666666,1.0,0.6666666666666667,1.0
39,length_only,separating_midpoint,1.0000000000000002,6,0,0,3,3,,0.0,0.0,0.0,0.5,1.0,1.0,1.0
39,repetition_only,legacy,1.0000000000000002,6,0,0,3,3,,0.0,0.0,0.0,0.5,0.8333333333333334,1.0,1.0
39,repetition_only,negative_max,0.5836618242211571,6,0,0,3,3,,0.0,0.0,0.0,0.5,0.8333333333333334,1.0,1.0
39,repetition_only,separating_midpoint,1.0000000000000002,6,0,0,3,3,,0.0,0.0,0.0,0.5,0.8333333333333334,1.0,1.0
39,without_repetition,legacy,0.8544262802352638,6,3,0,3,0,1.0,1.0,0.0,1.0,1.0,1.0,0.0,1.0
39,without_repetition,negative_max,0.43631520467760054,6,3,0,3,0,1.0,1.0,0.0,1.0,1.0,1.0,0.0,1.0
39,without_repetition,separating_midpoint,0.6453707424564321,6,3,0,3,0,1.0,1.0,0.0,1.0,1.0,1.0,0.0,1.0
40,original,legacy,0.7896136446023106,6,2,0,3,1,1.0,0.6666666666666666,0.0,0.8,0.8333333333333334,1.0,0.33333333333333337,1.0
40,original,negative_max,0.3636541650041316,6,3,1,2,0,0.75,1.0,0.3333333333333333,0.8571428571428571,0.8333333333333334,1.0,0.0,1.0
40,original,separating_midpoint,0.5766339048032211,6,3,0,3,0,1.0,1.0,0.0,1.0,1.0,1.0,0.0,1.0
40,pilot_selected,legacy,0.5179913351864971,6,2,0,3,1,1.0,0.6666666666666666,0.0,0.8,0.8333333333333334,1.0,0.33333333333333337,1.0
40,pilot_selected,negative_max,0.4803059485978985,6,3,2,1,0,0.6,1.0,0.6666666666666666,0.75,0.6666666666666666,1.0,0.0,1.0
40,pilot_selected,separating_midpoint,0.49914864189219776,6,3,1,2,0,0.75,1.0,0.3333333333333333,0.8571428571428571,0.8333333333333334,1.0,0.0,1.0
40,length_only,legacy,0.7706335343769608,6,1,0,3,2,1.0,0.3333333333333333,0.0,0.5,0.6666666666666666,0.8888888888888888,0.6666666666666667,1.0
40,length_only,negative_max,0.7621497582122034,6,1,0,3,2,1.0,0.3333333333333333,0.0,0.5,0.6666666666666666,0.8888888888888888,0.6666666666666667,1.0
40,length_only,separating_midpoint,0.7706335343769608,6,1,0,3,2,1.0,0.3333333333333333,0.0,0.5,0.6666666666666666,0.8888888888888888,0.6666666666666667,1.0
40,repetition_only,legacy,0.6123238835865743,6,3,2,1,0,0.6,1.0,0.6666666666666666,0.75,0.6666666666666666,0.6666666666666666,0.0,1.0
40,repetition_only,negative_max,0.4510384624184939,6,3,2,1,0,0.6,1.0,0.6666666666666666,0.75,0.6666666666666666,0.6666666666666666,0.0,1.0
40,repetition_only,separating_midpoint,0.531681173002534,6,3,2,1,0,0.6,1.0,0.6666666666666666,0.75,0.6666666666666666,0.6666666666666666,0.0,1.0
40,without_repetition,legacy,0.7670865838440177,6,2,0,3,1,1.0,0.6666666666666666,0.0,0.8,0.8333333333333334,1.0,0.33333333333333337,1.0
40,without_repetition,negative_max,0.3586769689057056,6,3,1,2,0,0.75,1.0,0.3333333333333333,0.8571428571428571,0.8333333333333334,1.0,0.0,1.0
40,without_repetition,separating_midpoint,0.5628817763748617,6,3,0,3,0,1.0,1.0,0.0,1.0,1.0,1.0,0.0,1.0
41,original,legacy,0.8288000536181884,6,3,0,3,0,1.0,1.0,0.0,1.0,1.0,1.0,0.0,1.0
41,original,negative_max,0.12801151686171297,6,3,0,3,0,1.0,1.0,0.0,1.0,1.0,1.0,0.0,1.0
41,original,separating_midpoint,0.4784057852399507,6,3,0,3,0,1.0,1.0,0.0,1.0,1.0,1.0,0.0,1.0
41,pilot_selected,legacy,0.5151704463852717,6,3,0,3,0,1.0,1.0,0.0,1.0,1.0,1.0,0.0,1.0
41,pilot_selected,negative_max,0.47640448728455936,6,3,0,3,0,1.0,1.0,0.0,1.0,1.0,1.0,0.0,1.0
41,pilot_selected,separating_midpoint,0.4957874668349155,6,3,0,3,0,1.0,1.0,0.0,1.0,1.0,1.0,0.0,1.0
41,length_only,legacy,0.6263617560883429,6,2,0,3,1,1.0,0.6666666666666666,0.0,0.8,0.8333333333333334,1.0,0.33333333333333337,1.0
41,length_only,negative_max,0.5301928353338901,6,3,1,2,0,0.75,1.0,0.3333333333333333,0.8571428571428571,0.8333333333333334,1.0,0.0,1.0
41,length_only,separating_midpoint,0.5782772957111164,6,3,1,2,0,0.75,1.0,0.3333333333333333,0.8571428571428571,0.8333333333333334,1.0,0.0,1.0
41,repetition_only,legacy,1.0000000000000002,6,0,0,3,3,,0.0,0.0,0.0,0.5,0.8333333333333334,1.0,1.0
41,repetition_only,negative_max,0.5504857583690782,6,0,0,3,3,,0.0,0.0,0.0,0.5,0.8333333333333334,1.0,1.0
41,repetition_only,separating_midpoint,1.0000000000000002,6,0,0,3,3,,0.0,0.0,0.0,0.5,0.8333333333333334,1.0,1.0
41,without_repetition,legacy,0.828445556850723,6,3,0,3,0,1.0,1.0,0.0,1.0,1.0,1.0,0.0,1.0
41,without_repetition,negative_max,0.12869440482902572,6,3,0,3,0,1.0,1.0,0.0,1.0,1.0,1.0,0.0,1.0
41,without_repetition,separating_midpoint,0.47856998083987434,6,3,0,3,0,1.0,1.0,0.0,1.0,1.0,1.0,0.0,1.0
42,original,legacy,0.7531343213654863,6,2,0,3,1,1.0,0.6666666666666666,0.0,0.8,0.8333333333333334,1.0,0.33333333333333337,1.0
42,original,negative_max,0.18373399633030266,6,3,0,3,0,1.0,1.0,0.0,1.0,1.0,1.0,0.0,1.0
42,original,separating_midpoint,0.46843415884789447,6,3,0,3,0,1.0,1.0,0.0,1.0,1.0,1.0,0.0,1.0
42,pilot_selected,legacy,0.5133718110084619,6,2,0,3,1,1.0,0.6666666666666666,0.0,0.8,0.8333333333333334,1.0,0.33333333333333337,1.0
42,pilot_selected,negative_max,0.4936370060534408,6,3,0,3,0,1.0,1.0,0.0,1.0,1.0,1.0,0.0,1.0
42,pilot_selected,separating_midpoint,0.5035044085309512,6,3,0,3,0,1.0,1.0,0.0,1.0,1.0,1.0,0.0,1.0
42,length_only,legacy,0.6761980745590168,6,1,1,2,2,0.5,0.3333333333333333,0.3333333333333333,0.4,0.5,0.5555555555555556,0.6666666666666667,1.0
42,length_only,negative_max,0.4104117860163348,6,3,3,0,0,0.5,1.0,1.0,0.6666666666666666,0.5,0.5555555555555556,0.0,1.0
42,length_only,separating_midpoint,0.5433049302876758,6,3,2,1,0,0.6,1.0,0.6666666666666666,0.75,0.6666666666666666,0.5555555555555556,0.0,1.0
42,repetition_only,legacy,1.0000000000000002,6,0,0,3,3,,0.0,0.0,0.0,0.5,0.6666666666666666,1.0,1.0
42,repetition_only,negative_max,0.6064758485019494,6,0,0,3,3,,0.0,0.0,0.0,0.5,0.6666666666666666,1.0,1.0
42,repetition_only,separating_midpoint,1.0000000000000002,6,0,0,3,3,,0.0,0.0,0.0,0.5,0.6666666666666666,1.0,1.0
42,without_repetition,legacy,0.751685709511982,6,2,0,3,1,1.0,0.6666666666666666,0.0,0.8,0.8333333333333334,1.0,0.33333333333333337,1.0
42,without_repetition,negative_max,0.15479800062800714,6,3,1,2,0,0.75,1.0,0.3333333333333333,0.8571428571428571,0.8333333333333334,1.0,0.0,1.0
42,without_repetition,separating_midpoint,0.45324185506999454,6,3,0,3,0,1.0,1.0,0.0,1.0,1.0,1.0,0.0,1.0
43,original,legacy,0.8258815040392253,6,3,0,3,0,1.0,1.0,0.0,1.0,1.0,1.0,0.0,1.0
43,original,negative_max,0.36326060552004813,6,3,0,3,0,1.0,1.0,0.0,1.0,1.0,1.0,0.0,1.0
43,original,separating_midpoint,0.5945710547796367,6,3,0,3,0,1.0,1.0,0.0,1.0,1.0,1.0,0.0,1.0
43,pilot_selected,legacy,0.5133556429080463,6,3,0,3,0,1.0,1.0,0.0,1.0,1.0,1.0,0.0,1.0
43,pilot_selected,negative_max,0.49691247971848496,6,3,0,3,0,1.0,1.0,0.0,1.0,1.0,1.0,0.0,1.0
43,pilot_selected,separating_midpoint,0.5051340613132655,6,3,0,3,0,1.0,1.0,0.0,1.0,1.0,1.0,0.0,1.0
43,length_only,legacy,0.7649087986372078,6,0,0,3,3,,0.0,0.0,0.0,0.5,1.0,1.0,1.0
43,length_only,negative_max,0.7622053980016965,6,0,0,3,3,,0.0,0.0,0.0,0.5,1.0,1.0,1.0
43,length_only,separating_midpoint,0.7649087986372078,6,0,0,3,3,,0.0,0.0,0.0,0.5,1.0,1.0,1.0
43,repetition_only,legacy,1.0000000000000002,6,0,0,3,3,,0.0,0.0,0.0,0.5,1.0,1.0,1.0
43,repetition_only,negative_max,0.5527283483401445,6,0,0,3,3,,0.0,0.0,0.0,0.5,1.0,1.0,1.0
43,repetition_only,separating_midpoint,1.0000000000000002,6,0,0,3,3,,0.0,0.0,0.0,0.5,1.0,1.0,1.0
43,without_repetition,legacy,0.8205507707072954,6,3,0,3,0,1.0,1.0,0.0,1.0,1.0,1.0,0.0,1.0
43,without_repetition,negative_max,0.3786668727810236,6,3,0,3,0,1.0,1.0,0.0,1.0,1.0,1.0,0.0,1.0
43,without_repetition,separating_midpoint,0.5996088217441595,6,3,0,3,0,1.0,1.0,0.0,1.0,1.0,1.0,0.0,1.0
44,original,legacy,0.8306468243395568,6,3,0,3,0,1.0,1.0,0.0,1.0,1.0,1.0,0.0,1.0
44,original,negative_max,0.4018173926463714,6,3,0,3,0,1.0,1.0,0.0,1.0,1.0,1.0,0.0,1.0
44,original,separating_midpoint,0.6162321084929641,6,3,0,3,0,1.0,1.0,0.0,1.0,1.0,1.0,0.0,1.0
44,pilot_selected,legacy,0.519073047718533,6,3,0,3,0,1.0,1.0,0.0,1.0,1.0,1.0,0.0,1.0
44,pilot_selected,negative_max,0.5010589130021164,6,3,0,3,0,1.0,1.0,0.0,1.0,1.0,1.0,0.0,1.0
44,pilot_selected,separating_midpoint,0.5100659803603247,6,3,0,3,0,1.0,1.0,0.0,1.0,1.0,1.0,0.0,1.0
44,length_only,legacy,0.6756974621356329,6,0,0,3,3,,0.0,0.0,0.0,0.5,1.0,1.0,1.0
44,length_only,negative_max,0.09308984981081174,6,3,2,1,0,0.6,1.0,0.6666666666666666,0.75,0.6666666666666666,1.0,0.0,1.0
44,length_only,separating_midpoint,0.3843936559732223,6,3,1,2,0,0.75,1.0,0.3333333333333333,0.8571428571428571,0.8333333333333334,1.0,0.0,1.0
44,repetition_only,legacy,1.0000000000000002,6,0,0,3,3,,0.0,0.0,0.0,0.5,1.0,1.0,1.0
44,repetition_only,negative_max,0.6396724421503344,6,0,0,3,3,,0.0,0.0,0.0,0.5,1.0,1.0,1.0
44,repetition_only,separating_midpoint,1.0000000000000002,6,0,0,3,3,,0.0,0.0,0.0,0.5,1.0,1.0,1.0
44,without_repetition,legacy,0.8302498012908117,6,3,0,3,0,1.0,1.0,0.0,1.0,1.0,1.0,0.0,1.0
44,without_repetition,negative_max,0.4024866845685854,6,3,0,3,0,1.0,1.0,0.0,1.0,1.0,1.0,0.0,1.0
44,without_repetition,separating_midpoint,0.6163682429296985,6,3,0,3,0,1.0,1.0,0.0,1.0,1.0,1.0,0.0,1.0
45,original,legacy,0.779481677326633,6,2,0,3,1,1.0,0.6666666666666666,0.0,0.8,0.8333333333333334,1.0,0.33333333333333337,1.0
45,original,negative_max,0.2456296018825471,6,3,1,2,0,0.75,1.0,0.3333333333333333,0.8571428571428571,0.8333333333333334,1.0,0.0,1.0
45,original,separating_midpoint,0.51255563960459,6,3,0,3,0,1.0,1.0,0.0,1.0,1.0,1.0,0.0,1.0
45,pilot_selected,legacy,0.5155124471491702,6,2,0,3,1,1.0,0.6666666666666666,0.0,0.8,0.8333333333333334,1.0,0.33333333333333337,1.0
45,pilot_selected,negative_max,0.4908651211276574,6,3,0,3,0,1.0,1.0,0.0,1.0,1.0,1.0,0.0,1.0
45,pilot_selected,separating_midpoint,0.5031887841384137,6,3,0,3,0,1.0,1.0,0.0,1.0,1.0,1.0,0.0,1.0
45,length_only,legacy,0.8369120223477504,6,0,0,3,3,,0.0,0.0,0.0,0.5,0.5555555555555556,1.0,1.0
45,length_only,negative_max,0.8231603686045215,6,0,0,3,3,,0.0,0.0,0.0,0.5,0.5555555555555556,1.0,1.0
45,length_only,separating_midpoint,0.8369120223477504,6,0,0,3,3,,0.0,0.0,0.0,0.5,0.5555555555555556,1.0,1.0
45,repetition_only,legacy,0.5868320388179203,6,3,1,2,0,0.75,1.0,0.3333333333333333,0.8571428571428571,0.8333333333333334,0.8333333333333334,0.0,1.0
45,repetition_only,negative_max,0.3138569489410157,6,3,1,2,0,0.75,1.0,0.3333333333333333,0.8571428571428571,0.8333333333333334,0.8333333333333334,0.0,1.0
45,repetition_only,separating_midpoint,0.45034449387946796,6,3,1,2,0,0.75,1.0,0.3333333333333333,0.8571428571428571,0.8333333333333334,0.8333333333333334,0.0,1.0
45,without_repetition,legacy,0.7711314203918687,6,2,0,3,1,1.0,0.6666666666666666,0.0,0.8,0.8333333333333334,1.0,0.33333333333333337,1.0
45,without_repetition,negative_max,0.31869832185108327,6,3,0,3,0,1.0,1.0,0.0,1.0,1.0,1.0,0.0,1.0
45,without_repetition,separating_midpoint,0.544914871121476,6,3,0,3,0,1.0,1.0,0.0,1.0,1.0,1.0,0.0,1.0
46,original,legacy,0.7868207674981823,6,2,0,3,1,1.0,0.6666666666666666,0.0,0.8,0.8333333333333334,1.0,0.33333333333333337,1.0
46,original,negative_max,0.1419473426693404,6,3,2,1,0,0.6,1.0,0.6666666666666666,0.75,0.6666666666666666,1.0,0.0,1.0
46,original,separating_midpoint,0.46438405508376135,6,3,0,3,0,1.0,1.0,0.0,1.0,1.0,1.0,0.0,1.0
46,pilot_selected,legacy,0.5119543345171073,6,3,0,3,0,1.0,1.0,0.0,1.0,1.0,1.0,0.0,1.0
46,pilot_selected,negative_max,0.4803824519189853,6,3,2,1,0,0.6,1.0,0.6666666666666666,0.75,0.6666666666666666,1.0,0.0,1.0
46,pilot_selected,separating_midpoint,0.4961683932180463,6,3,0,3,0,1.0,1.0,0.0,1.0,1.0,1.0,0.0,1.0
46,length_only,legacy,0.626298161218419,6,2,1,2,1,0.6666666666666666,0.6666666666666666,0.3333333333333333,0.6666666666666666,0.6666666666666666,0.7777777777777778,0.33333333333333337,1.0
46,length_only,negative_max,0.6117947991004831,6,2,1,2,1,0.6666666666666666,0.6666666666666666,0.3333333333333333,0.6666666666666666,0.6666666666666666,0.7777777777777778,0.33333333333333337,1.0
46,length_only,separating_midpoint,0.619046480159451,6,2,1,2,1,0.6666666666666666,0.6666666666666666,0.3333333333333333,0.6666666666666666,0.6666666666666666,0.7777777777777778,0.33333333333333337,1.0
46,repetition_only,legacy,1.0000000000000002,6,0,0,3,3,,0.0,0.0,0.0,0.5,0.8333333333333334,1.0,1.0
46,repetition_only,negative_max,0.5609585650137121,6,0,0,3,3,,0.0,0.0,0.0,0.5,0.8333333333333334,1.0,1.0
46,repetition_only,separating_midpoint,1.0000000000000002,6,0,0,3,3,,0.0,0.0,0.0,0.5,0.8333333333333334,1.0,1.0
46,without_repetition,legacy,0.788434409997334,6,2,0,3,1,1.0,0.6666666666666666,0.0,0.8,0.8333333333333334,1.0,0.33333333333333337,1.0
46,without_repetition,negative_max,0.14197278199289856,6,3,2,1,0,0.6,1.0,0.6666666666666666,0.75,0.6666666666666666,1.0,0.0,1.0
46,without_repetition,separating_midpoint,0.4652035959951163,6,3,0,3,0,1.0,1.0,0.0,1.0,1.0,1.0,0.0,1.0
47,original,legacy,0.9036368872143375,6,2,0,3,1,1.0,0.6666666666666666,0.0,0.8,0.8333333333333334,1.0,0.33333333333333337,1.0
47,original,negative_max,0.3300182266893351,6,3,0,3,0,1.0,1.0,0.0,1.0,1.0,1.0,0.0,1.0
47,original,separating_midpoint,0.6168275569518363,6,3,0,3,0,1.0,1.0,0.0,1.0,1.0,1.0,0.0,1.0
47,pilot_selected,legacy,0.5259765470951673,6,2,0,3,1,1.0,0.6666666666666666,0.0,0.8,0.8333333333333334,1.0,0.33333333333333337,1.0
47,pilot_selected,negative_max,0.49412771512958026,6,3,1,2,0,0.75,1.0,0.3333333333333333,0.8571428571428571,0.8333333333333334,1.0,0.0,1.0
47,pilot_selected,separating_midpoint,0.5100521311123738,6,3,0,3,0,1.0,1.0,0.0,1.0,1.0,1.0,0.0,1.0
47,length_only,legacy,0.5833192190607941,6,3,0,3,0,1.0,1.0,0.0,1.0,1.0,1.0,0.0,1.0
47,length_only,negative_max,0.5776273209694794,6,3,0,3,0,1.0,1.0,0.0,1.0,1.0,1.0,0.0,1.0
47,length_only,separating_midpoint,0.5804732700151367,6,3,0,3,0,1.0,1.0,0.0,1.0,1.0,1.0,0.0,1.0
47,repetition_only,legacy,0.5902910253772353,6,3,1,2,0,0.75,1.0,0.3333333333333333,0.8571428571428571,0.8333333333333334,0.8333333333333334,0.0,1.0
47,repetition_only,negative_max,0.31795398100750644,6,3,2,1,0,0.6,1.0,0.6666666666666666,0.75,0.6666666666666666,0.8333333333333334,0.0,1.0
47,repetition_only,separating_midpoint,0.45412250319237085,6,3,1,2,0,0.75,1.0,0.3333333333333333,0.8571428571428571,0.8333333333333334,0.8333333333333334,0.0,1.0
47,without_repetition,legacy,0.8954638382918909,6,2,0,3,1,1.0,0.6666666666666666,0.0,0.8,0.8333333333333334,1.0,0.33333333333333337,1.0
47,without_repetition,negative_max,0.41757246571845197,6,3,0,3,0,1.0,1.0,0.0,1.0,1.0,1.0,0.0,1.0
47,without_repetition,separating_midpoint,0.6565181520051714,6,3,0,3,0,1.0,1.0,0.0,1.0,1.0,1.0,0.0,1.0
48,original,legacy,0.8622946812815394,6,1,0,3,2,1.0,0.3333333333333333,0.0,0.5,0.6666666666666666,1.0,0.6666666666666667,1.0
48,original,negative_max,0.10889259130326574,6,3,2,1,0,0.6,1.0,0.6666666666666666,0.75,0.6666666666666666,1.0,0.0,1.0
48,original,separating_midpoint,0.4855936362924026,6,3,0,3,0,1.0,1.0,0.0,1.0,1.0,1.0,0.0,1.0
48,pilot_selected,legacy,0.5193074916461756,6,1,0,3,2,1.0,0.3333333333333333,0.0,0.5,0.6666666666666666,1.0,0.6666666666666667,1.0
48,pilot_selected,negative_max,0.4744349098381737,6,3,3,0,0,0.5,1.0,1.0,0.6666666666666666,0.5,1.0,0.0,1.0
48,pilot_selected,separating_midpoint,0.4968712007421746,6,3,0,3,0,1.0,1.0,0.0,1.0,1.0,1.0,0.0,1.0
48,length_only,legacy,0.6647144990739389,6,2,1,2,1,0.6666666666666666,0.6666666666666666,0.3333333333333333,0.6666666666666666,0.6666666666666666,0.7777777777777778,0.33333333333333337,1.0
48,length_only,negative_max,0.6606386277663051,6,2,1,2,1,0.6666666666666666,0.6666666666666666,0.3333333333333333,0.6666666666666666,0.6666666666666666,0.7777777777777778,0.33333333333333337,1.0
48,length_only,separating_midpoint,0.6626765634201219,6,2,1,2,1,0.6666666666666666,0.6666666666666666,0.3333333333333333,0.6666666666666666,0.6666666666666666,0.7777777777777778,0.33333333333333337,1.0
48,repetition_only,legacy,1.0000000000000002,6,0,0,3,3,,0.0,0.0,0.0,0.5,0.8333333333333334,1.0,1.0
48,repetition_only,negative_max,0.5667697806491874,6,0,0,3,3,,0.0,0.0,0.0,0.5,0.8333333333333334,1.0,1.0
48,repetition_only,separating_midpoint,1.0000000000000002,6,0,0,3,3,,0.0,0.0,0.0,0.5,0.8333333333333334,1.0,1.0
48,without_repetition,legacy,0.8599171841401235,6,1,0,3,2,1.0,0.3333333333333333,0.0,0.5,0.6666666666666666,1.0,0.6666666666666667,1.0
48,without_repetition,negative_max,0.09964250705882632,6,3,2,1,0,0.6,1.0,0.6666666666666666,0.75,0.6666666666666666,1.0,0.0,1.0
48,without_repetition,separating_midpoint,0.4797798455994749,6,3,0,3,0,1.0,1.0,0.0,1.0,1.0,1.0,0.0,1.0
49,original,legacy,0.8007165881413811,6,2,0,3,1,1.0,0.6666666666666666,0.0,0.8,0.8333333333333334,1.0,0.33333333333333337,1.0
49,original,negative_max,0.07190975569556278,6,3,1,2,0,0.75,1.0,0.3333333333333333,0.8571428571428571,0.8333333333333334,1.0,0.0,1.0
49,original,separating_midpoint,0.43631317191847196,6,3,0,3,0,1.0,1.0,0.0,1.0,1.0,1.0,0.0,1.0
49,pilot_selected,legacy,0.5143251529428264,6,3,0,3,0,1.0,1.0,0.0,1.0,1.0,1.0,0.0,1.0
49,pilot_selected,negative_max,0.48089770575367274,6,3,1,2,0,0.75,1.0,0.3333333333333333,0.8571428571428571,0.8333333333333334,1.0,0.0,1.0
49,pilot_selected,separating_midpoint,0.49761142934824953,6,3,0,3,0,1.0,1.0,0.0,1.0,1.0,1.0,0.0,1.0
49,length_only,legacy,0.6497127469177513,6,0,0,3,3,,0.0,0.0,0.0,0.5,1.0,1.0,1.0
49,length_only,negative_max,0.6167867503952151,6,2,0,3,1,1.0,0.6666666666666666,0.0,0.8,0.8333333333333334,1.0,0.33333333333333337,1.0
49,length_only,separating_midpoint,0.6497127469177513,6,0,0,3,3,,0.0,0.0,0.0,0.5,1.0,1.0,1.0
49,repetition_only,legacy,1.0000000000000002,6,0,0,3,3,,0.0,0.0,0.0,0.5,0.8333333333333334,1.0,1.0
49,repetition_only,negative_max,0.5780536623948495,6,0,0,3,3,,0.0,0.0,0.0,0.5,0.8333333333333334,1.0,1.0
49,repetition_only,separating_midpoint,1.0000000000000002,6,0,0,3,3,,0.0,0.0,0.0,0.5,0.8333333333333334,1.0,1.0
49,without_repetition,legacy,0.8025255984713373,6,2,0,3,1,1.0,0.6666666666666666,0.0,0.8,0.8333333333333334,1.0,0.33333333333333337,1.0
49,without_repetition,negative_max,0.06051486495503804,6,3,1,2,0,0.75,1.0,0.3333333333333333,0.8571428571428571,0.8333333333333334,1.0,0.0,1.0
49,without_repetition,separating_midpoint,0.43152023171318765,6,3,0,3,0,1.0,1.0,0.0,1.0,1.0,1.0,0.0,1.0
50,original,legacy,0.9468678051087875,6,3,0,3,0,1.0,1.0,0.0,1.0,1.0,1.0,0.0,1.0
50,original,negative_max,0.21666689123127866,6,3,2,1,0,0.6,1.0,0.6666666666666666,0.75,0.6666666666666666,1.0,0.0,1.0
50,original,separating_midpoint,0.5817673481700331,6,3,0,3,0,1.0,1.0,0.0,1.0,1.0,1.0,0.0,1.0
50,pilot_selected,legacy,0.5324623568581869,6,3,0,3,0,1.0,1.0,0.0,1.0,1.0,1.0,0.0,1.0
50,pilot_selected,negative_max,0.4595491788812112,6,3,2,1,0,0.6,1.0,0.6666666666666666,0.75,0.6666666666666666,1.0,0.0,1.0
50,pilot_selected,separating_midpoint,0.496005767869699,6,3,1,2,0,0.75,1.0,0.3333333333333333,0.8571428571428571,0.8333333333333334,1.0,0.0,1.0
50,length_only,legacy,1.0000000000000002,6,0,0,3,3,,0.0,0.0,0.0,0.5,0.4444444444444444,1.0,1.0
50,length_only,negative_max,0.7866706584903821,6,0,1,2,3,0.0,0.0,0.3333333333333333,0.0,0.3333333333333333,0.4444444444444444,1.0,1.0
50,length_only,separating_midpoint,1.0000000000000002,6,0,0,3,3,,0.0,0.0,0.0,0.5,0.4444444444444444,1.0,1.0
50,repetition_only,legacy,0.5907026340297208,6,3,1,2,0,0.75,1.0,0.3333333333333333,0.8571428571428571,0.8333333333333334,0.8333333333333334,0.0,1.0
50,repetition_only,negative_max,0.45223166089062605,6,3,1,2,0,0.75,1.0,0.3333333333333333,0.8571428571428571,0.8333333333333334,0.8333333333333334,0.0,1.0
50,repetition_only,separating_midpoint,0.5214671474601734,6,3,1,2,0,0.75,1.0,0.3333333333333333,0.8571428571428571,0.8333333333333334,0.8333333333333334,0.0,1.0
50,without_repetition,legacy,0.9464613870772933,6,3,0,3,0,1.0,1.0,0.0,1.0,1.0,1.0,0.0,1.0
50,without_repetition,negative_max,0.24826918933388292,6,3,1,2,0,0.75,1.0,0.3333333333333333,0.8571428571428571,0.8333333333333334,1.0,0.0,1.0
50,without_repetition,separating_midpoint,0.5973652882055881,6,3,0,3,0,1.0,1.0,0.0,1.0,1.0,1.0,0.0,1.0
51,original,legacy,0.9021699807349023,6,1,0,3,2,1.0,0.3333333333333333,0.0,0.5,0.6666666666666666,1.0,0.6666666666666667,1.0
51,original,negative_max,0.16526343520959594,6,3,1,2,0,0.75,1.0,0.3333333333333333,0.8571428571428571,0.8333333333333334,1.0,0.0,1.0
51,original,separating_midpoint,0.5337167079722491,6,3,0,3,0,1.0,1.0,0.0,1.0,1.0,1.0,0.0,1.0
51,pilot_selected,legacy,0.5214157420205973,6,0,0,3,3,,0.0,0.0,0.0,0.5,1.0,1.0,1.0
51,pilot_selected,negative_max,0.48075556684927045,6,3,1,2,0,0.75,1.0,0.3333333333333333,0.8571428571428571,0.8333333333333334,1.0,0.0,1.0
51,pilot_selected,separating_midpoint,0.5010856544349338,6,3,0,3,0,1.0,1.0,0.0,1.0,1.0,1.0,0.0,1.0
51,length_only,legacy,0.656249529143666,6,1,1,2,2,0.5,0.3333333333333333,0.3333333333333333,0.4,0.5,0.5555555555555556,0.6666666666666667,1.0
51,length_only,negative_max,0.5023149747740422,6,3,2,1,0,0.6,1.0,0.6666666666666666,0.75,0.6666666666666666,0.5555555555555556,0.0,1.0
51,length_only,separating_midpoint,0.5792822519588541,6,3,2,1,0,0.6,1.0,0.6666666666666666,0.75,0.6666666666666666,0.5555555555555556,0.0,1.0
51,repetition_only,legacy,1.0000000000000002,6,0,0,3,3,,0.0,0.0,0.0,0.5,1.0,1.0,1.0
51,repetition_only,negative_max,0.5530446829399011,6,0,0,3,3,,0.0,0.0,0.0,0.5,1.0,1.0,1.0
51,repetition_only,separating_midpoint,1.0000000000000002,6,0,0,3,3,,0.0,0.0,0.0,0.5,1.0,1.0,1.0
51,without_repetition,legacy,0.9005370074282467,6,1,0,3,2,1.0,0.3333333333333333,0.0,0.5,0.6666666666666666,1.0,0.6666666666666667,1.0
51,without_repetition,negative_max,0.16459191313825278,6,3,1,2,0,0.75,1.0,0.3333333333333333,0.8571428571428571,0.8333333333333334,1.0,0.0,1.0
51,without_repetition,separating_midpoint,0.5325644602832498,6,3,0,3,0,1.0,1.0,0.0,1.0,1.0,1.0,0.0,1.0
52,original,legacy,0.8295374965840588,6,3,0,3,0,1.0,1.0,0.0,1.0,1.0,1.0,0.0,1.0
52,original,negative_max,0.3615993739627521,6,3,0,3,0,1.0,1.0,0.0,1.0,1.0,1.0,0.0,1.0
52,original,separating_midpoint,0.5955684352734054,6,3,0,3,0,1.0,1.0,0.0,1.0,1.0,1.0,0.0,1.0
52,pilot_selected,legacy,0.5207916819085641,6,3,0,3,0,1.0,1.0,0.0,1.0,1.0,1.0,0.0,1.0
52,pilot_selected,negative_max,0.5029462584342552,6,3,0,3,0,1.0,1.0,0.0,1.0,1.0,1.0,0.0,1.0
52,pilot_selected,separating_midpoint,0.5118689701714096,6,3,0,3,0,1.0,1.0,0.0,1.0,1.0,1.0,0.0,1.0
52,length_only,legacy,0.7654922803280354,6,1,0,3,2,1.0,0.3333333333333333,0.0,0.5,0.6666666666666666,1.0,0.6666666666666667,1.0
52,length_only,negative_max,0.7270233645911373,6,2,0,3,1,1.0,0.6666666666666666,0.0,0.8,0.8333333333333334,1.0,0.33333333333333337,1.0
52,length_only,separating_midpoint,0.7654922803280354,6,1,0,3,2,1.0,0.3333333333333333,0.0,0.5,0.6666666666666666,1.0,0.6666666666666667,1.0
52,repetition_only,legacy,1.0000000000000002,6,0,0,3,3,,0.0,0.0,0.0,0.5,0.8333333333333334,1.0,1.0
52,repetition_only,negative_max,0.6113601738799304,6,0,0,3,3,,0.0,0.0,0.0,0.5,0.8333333333333334,1.0,1.0
52,repetition_only,separating_midpoint,1.0000000000000002,6,0,0,3,3,,0.0,0.0,0.0,0.5,0.8333333333333334,1.0,1.0
52,without_repetition,legacy,0.819826706445966,6,3,0,3,0,1.0,1.0,0.0,1.0,1.0,1.0,0.0,1.0
52,without_repetition,negative_max,0.3641514063015112,6,3,0,3,0,1.0,1.0,0.0,1.0,1.0,1.0,0.0,1.0
52,without_repetition,separating_midpoint,0.5919890563737386,6,3,0,3,0,1.0,1.0,0.0,1.0,1.0,1.0,0.0,1.0
53,original,legacy,0.6241204345062639,6,3,0,3,0,1.0,1.0,0.0,1.0,1.0,1.0,0.0,1.0
53,original,negative_max,0.3990848829137918,6,3,1,2,0,0.75,1.0,0.3333333333333333,0.8571428571428571,0.8333333333333334,1.0,0.0,1.0
53,original,separating_midpoint,0.5116026587100277,6,3,0,3,0,1.0,1.0,0.0,1.0,1.0,1.0,0.0,1.0
53,pilot_selected,legacy,0.5080872129776071,6,3,0,3,0,1.0,1.0,0.0,1.0,1.0,1.0,0.0,1.0
53,pilot_selected,negative_max,0.4959216761230231,6,3,0,3,0,1.0,1.0,0.0,1.0,1.0,1.0,0.0,1.0
53,pilot_selected,separating_midpoint,0.5020044445503151,6,3,0,3,0,1.0,1.0,0.0,1.0,1.0,1.0,0.0,1.0
53,length_only,legacy,1.0000000000000002,6,0,0,3,3,,0.0,0.0,0.0,0.5,0.3333333333333333,1.0,1.0
53,length_only,negative_max,0.8808515281881723,6,0,1,2,3,0.0,0.0,0.3333333333333333,0.0,0.3333333333333333,0.3333333333333333,1.0,1.0
53,length_only,separating_midpoint,1.0000000000000002,6,0,0,3,3,,0.0,0.0,0.0,0.5,0.3333333333333333,1.0,1.0
53,repetition_only,legacy,1.0000000000000002,6,0,0,3,3,,0.0,0.0,0.0,0.5,0.8333333333333334,1.0,1.0
53,repetition_only,negative_max,0.5836618242211573,6,0,0,3,3,,0.0,0.0,0.0,0.5,0.8333333333333334,1.0,1.0
53,repetition_only,separating_midpoint,1.0000000000000002,6,0,0,3,3,,0.0,0.0,0.0,0.5,0.8333333333333334,1.0,1.0
53,without_repetition,legacy,0.6150259899936512,6,3,0,3,0,1.0,1.0,0.0,1.0,1.0,1.0,0.0,1.0
53,without_repetition,negative_max,0.4117190459597363,6,3,1,2,0,0.75,1.0,0.3333333333333333,0.8571428571428571,0.8333333333333334,1.0,0.0,1.0
53,without_repetition,separating_midpoint,0.5133725179766937,6,3,0,3,0,1.0,1.0,0.0,1.0,1.0,1.0,0.0,1.0
54,original,legacy,0.8478860205944412,6,2,0,3,1,1.0,0.6666666666666666,0.0,0.8,0.8333333333333334,1.0,0.33333333333333337,1.0
54,original,negative_max,0.14832798892227533,6,3,1,2,0,0.75,1.0,0.3333333333333333,0.8571428571428571,0.8333333333333334,1.0,0.0,1.0
54,original,separating_midpoint,0.49810700475835823,6,3,0,3,0,1.0,1.0,0.0,1.0,1.0,1.0,0.0,1.0
54,pilot_selected,legacy,0.5196447997329083,6,2,0,3,1,1.0,0.6666666666666666,0.0,0.8,0.8333333333333334,1.0,0.33333333333333337,1.0
54,pilot_selected,negative_max,0.4983381600510036,6,3,0,3,0,1.0,1.0,0.0,1.0,1.0,1.0,0.0,1.0
54,pilot_selected,separating_midpoint,0.5089914798919559,6,3,0,3,0,1.0,1.0,0.0,1.0,1.0,1.0,0.0,1.0
54,length_only,legacy,0.6347777838252986,6,2,1,2,1,0.6666666666666666,0.6666666666666666,0.3333333333333333,0.6666666666666666,0.6666666666666666,0.7777777777777778,0.33333333333333337,1.0
54,length_only,negative_max,0.6288615347345609,6,2,1,2,1,0.6666666666666666,0.6666666666666666,0.3333333333333333,0.6666666666666666,0.6666666666666666,0.7777777777777778,0.33333333333333337,1.0
54,length_only,separating_midpoint,0.6318196592799297,6,2,1,2,1,0.6666666666666666,0.6666666666666666,0.3333333333333333,0.6666666666666666,0.6666666666666666,0.7777777777777778,0.33333333333333337,1.0
54,repetition_only,legacy,1.0000000000000002,6,0,0,3,3,,0.0,0.0,0.0,0.5,1.0,1.0,1.0
54,repetition_only,negative_max,0.5746354494878791,6,0,0,3,3,,0.0,0.0,0.0,0.5,1.0,1.0,1.0
54,repetition_only,separating_midpoint,1.0000000000000002,6,0,0,3,3,,0.0,0.0,0.0,0.5,1.0,1.0,1.0
54,without_repetition,legacy,0.8504773934797643,6,2,0,3,1,1.0,0.6666666666666666,0.0,0.8,0.8333333333333334,1.0,0.33333333333333337,1.0
54,without_repetition,negative_max,0.11872948398019952,6,3,1,2,0,0.75,1.0,0.3333333333333333,0.8571428571428571,0.8333333333333334,1.0,0.0,1.0
54,without_repetition,separating_midpoint,0.4846034387299819,6,3,0,3,0,1.0,1.0,0.0,1.0,1.0,1.0,0.0,1.0
55,original,legacy,0.8017996305205962,6,2,0,3,1,1.0,0.6666666666666666,0.0,0.8,0.8333333333333334,1.0,0.33333333333333337,1.0
55,original,negative_max,0.23881944422798057,6,3,2,1,0,0.6,1.0,0.6666666666666666,0.75,0.6666666666666666,1.0,0.0,1.0
55,original,separating_midpoint,0.5203095373742884,6,3,0,3,0,1.0,1.0,0.0,1.0,1.0,1.0,0.0,1.0
55,pilot_selected,legacy,0.5140044143321119,6,3,0,3,0,1.0,1.0,0.0,1.0,1.0,1.0,0.0,1.0
55,pilot_selected,negative_max,0.4973934068680574,6,3,1,2,0,0.75,1.0,0.3333333333333333,0.8571428571428571,0.8333333333333334,1.0,0.0,1.0
55,pilot_selected,separating_midpoint,0.5056989106000847,6,3,0,3,0,1.0,1.0,0.0,1.0,1.0,1.0,0.0,1.0
55,length_only,legacy,0.6136563532079341,6,1,1,2,2,0.5,0.3333333333333333,0.3333333333333333,0.4,0.5,0.6666666666666666,0.6666666666666667,1.0
55,length_only,negative_max,0.3034562329456484,6,3,2,1,0,0.6,1.0,0.6666666666666666,0.75,0.6666666666666666,0.6666666666666666,0.0,1.0
55,length_only,separating_midpoint,0.45855629307679124,6,3,2,1,0,0.6,1.0,0.6666666666666666,0.75,0.6666666666666666,0.6666666666666666,0.0,1.0
55,repetition_only,legacy,1.0000000000000002,6,0,0,3,3,,0.0,0.0,0.0,0.5,1.0,1.0,1.0
55,repetition_only,negative_max,0.580478161469954,6,0,0,3,3,,0.0,0.0,0.0,0.5,1.0,1.0,1.0
55,repetition_only,separating_midpoint,1.0000000000000002,6,0,0,3,3,,0.0,0.0,0.0,0.5,1.0,1.0,1.0
55,without_repetition,legacy,0.8041678666881533,6,2,0,3,1,1.0,0.6666666666666666,0.0,0.8,0.8333333333333334,1.0,0.33333333333333337,1.0
55,without_repetition,negative_max,0.19259770763950004,6,3,2,1,0,0.6,1.0,0.6666666666666666,0.75,0.6666666666666666,1.0,0.0,1.0
55,without_repetition,separating_midpoint,0.49838278716382667,6,3,0,3,0,1.0,1.0,0.0,1.0,1.0,1.0,0.0,1.0
56,original,legacy,0.8125376362703417,6,2,0,3,1,1.0,0.6666666666666666,0.0,0.8,0.8333333333333334,1.0,0.33333333333333337,1.0
56,original,negative_max,0.31273157507339,6,3,1,2,0,0.75,1.0,0.3333333333333333,0.8571428571428571,0.8333333333333334,1.0,0.0,1.0
56,original,separating_midpoint,0.5626346056718659,6,3,0,3,0,1.0,1.0,0.0,1.0,1.0,1.0,0.0,1.0
56,pilot_selected,legacy,0.5208864970631149,6,2,0,3,1,1.0,0.6666666666666666,0.0,0.8,0.8333333333333334,1.0,0.33333333333333337,1.0
56,pilot_selected,negative_max,0.5029827135462652,6,3,0,3,0,1.0,1.0,0.0,1.0,1.0,1.0,0.0,1.0
56,pilot_selected,separating_midpoint,0.51193460530469,6,3,0,3,0,1.0,1.0,0.0,1.0,1.0,1.0,0.0,1.0
56,length_only,legacy,0.623919879609817,6,1,0,3,2,1.0,0.3333333333333333,0.0,0.5,0.6666666666666666,0.8888888888888888,0.6666666666666667,1.0
56,length_only,negative_max,0.5077541009941384,6,3,1,2,0,0.75,1.0,0.3333333333333333,0.8571428571428571,0.8333333333333334,0.8888888888888888,0.0,1.0
56,length_only,separating_midpoint,0.5658369903019776,6,3,1,2,0,0.75,1.0,0.3333333333333333,0.8571428571428571,0.8333333333333334,0.8888888888888888,0.0,1.0
56,repetition_only,legacy,1.0000000000000002,6,0,0,3,3,,0.0,0.0,0.0,0.5,0.8333333333333334,1.0,1.0
56,repetition_only,negative_max,0.6229177809174853,6,0,0,3,3,,0.0,0.0,0.0,0.5,0.8333333333333334,1.0,1.0
56,repetition_only,separating_midpoint,1.0000000000000002,6,0,0,3,3,,0.0,0.0,0.0,0.5,0.8333333333333334,1.0,1.0
56,without_repetition,legacy,0.8250431432006572,6,2,0,3,1,1.0,0.6666666666666666,0.0,0.8,0.8333333333333334,1.0,0.33333333333333337,1.0
56,without_repetition,negative_max,0.25872771390508115,6,3,1,2,0,0.75,1.0,0.3333333333333333,0.8571428571428571,0.8333333333333334,1.0,0.0,1.0
56,without_repetition,separating_midpoint,0.5418854285528691,6,3,0,3,0,1.0,1.0,0.0,1.0,1.0,1.0,0.0,1.0
57,original,legacy,0.8141602591148852,6,3,0,3,0,1.0,1.0,0.0,1.0,1.0,1.0,0.0,1.0
57,original,negative_max,0.2614504740414551,6,3,0,3,0,1.0,1.0,0.0,1.0,1.0,1.0,0.0,1.0
57,original,separating_midpoint,0.5378053665781701,6,3,0,3,0,1.0,1.0,0.0,1.0,1.0,1.0,0.0,1.0
57,pilot_selected,legacy,0.5209295978461875,6,2,0,3,1,1.0,0.6666666666666666,0.0,0.8,0.8333333333333334,1.0,0.33333333333333337,1.0
57,pilot_selected,negative_max,0.4982020943008737,6,3,0,3,0,1.0,1.0,0.0,1.0,1.0,1.0,0.0,1.0
57,pilot_selected,separating_midpoint,0.5095658460735306,6,3,0,3,0,1.0,1.0,0.0,1.0,1.0,1.0,0.0,1.0
57,length_only,legacy,0.7643234503936459,6,0,0,3,3,,0.0,0.0,0.0,0.5,1.0,1.0,1.0
57,length_only,negative_max,0.7190381397371968,6,2,0,3,1,1.0,0.6666666666666666,0.0,0.8,0.8333333333333334,1.0,0.33333333333333337,1.0
57,length_only,separating_midpoint,0.7643234503936459,6,0,0,3,3,,0.0,0.0,0.0,0.5,1.0,1.0,1.0
57,repetition_only,legacy,1.0000000000000002,6,0,0,3,3,,0.0,0.0,0.0,0.5,0.8333333333333334,1.0,1.0
57,repetition_only,negative_max,0.6418740009604025,6,0,0,3,3,,0.0,0.0,0.0,0.5,0.8333333333333334,1.0,1.0
57,repetition_only,separating_midpoint,1.0000000000000002,6,0,0,3,3,,0.0,0.0,0.0,0.5,0.8333333333333334,1.0,1.0
57,without_repetition,legacy,0.7990397674612079,6,3,0,3,0,1.0,1.0,0.0,1.0,1.0,1.0,0.0,1.0
57,without_repetition,negative_max,0.2764058992620834,6,3,0,3,0,1.0,1.0,0.0,1.0,1.0,1.0,0.0,1.0
57,without_repetition,separating_midpoint,0.5377228333616456,6,3,0,3,0,1.0,1.0,0.0,1.0,1.0,1.0,0.0,1.0
58,original,legacy,0.8262435161582327,6,2,0,3,1,1.0,0.6666666666666666,0.0,0.8,0.8333333333333334,1.0,0.33333333333333337,1.0
58,original,negative_max,0.4375834588221007,6,3,0,3,0,1.0,1.0,0.0,1.0,1.0,1.0,0.0,1.0
58,original,separating_midpoint,0.6319134874901666,6,3,0,3,0,1.0,1.0,0.0,1.0,1.0,1.0,0.0,1.0
58,pilot_selected,legacy,0.5175313554827567,6,2,0,3,1,1.0,0.6666666666666666,0.0,0.8,0.8333333333333334,1.0,0.33333333333333337,1.0
58,pilot_selected,negative_max,0.4992902531835228,6,3,1,2,0,0.75,1.0,0.3333333333333333,0.8571428571428571,0.8333333333333334,1.0,0.0,1.0
58,pilot_selected,separating_midpoint,0.5084108043331398,6,3,0,3,0,1.0,1.0,0.0,1.0,1.0,1.0,0.0,1.0
58,length_only,legacy,0.7240338614271346,6,0,0,3,3,,0.0,0.0,0.0,0.5,0.8888888888888888,1.0,1.0
58,length_only,negative_max,0.696100989971436,6,1,0,3,2,1.0,0.3333333333333333,0.0,0.5,0.6666666666666666,0.8888888888888888,0.6666666666666667,1.0
58,length_only,separating_midpoint,0.7240338614271346,6,0,0,3,3,,0.0,0.0,0.0,0.5,0.8888888888888888,1.0,1.0
58,repetition_only,legacy,0.5800846884945537,6,3,1,2,0,0.75,1.0,0.3333333333333333,0.8571428571428571,0.8333333333333334,0.8333333333333334,0.0,1.0
58,repetition_only,negative_max,0.524793656112367,6,3,1,2,0,0.75,1.0,0.3333333333333333,0.8571428571428571,0.8333333333333334,0.8333333333333334,0.0,1.0
58,repetition_only,separating_midpoint,0.5524391723034603,6,3,1,2,0,0.75,1.0,0.3333333333333333,0.8571428571428571,0.8333333333333334,0.8333333333333334,0.0,1.0
58,without_repetition,legacy,0.8179675655846655,6,2,0,3,1,1.0,0.6666666666666666,0.0,0.8,0.8333333333333334,1.0,0.33333333333333337,1.0
58,without_repetition,negative_max,0.4437824081231782,6,3,0,3,0,1.0,1.0,0.0,1.0,1.0,1.0,0.0,1.0
58,without_repetition,separating_midpoint,0.6308749868539218,6,3,0,3,0,1.0,1.0,0.0,1.0,1.0,1.0,0.0,1.0
59,original,legacy,0.8204842122129702,6,3,0,3,0,1.0,1.0,0.0,1.0,1.0,1.0,0.0,1.0
59,original,negative_max,0.24640822111117916,6,3,0,3,0,1.0,1.0,0.0,1.0,1.0,1.0,0.0,1.0
59,original,separating_midpoint,0.5334462166620747,6,3,0,3,0,1.0,1.0,0.0,1.0,1.0,1.0,0.0,1.0
59,pilot_selected,legacy,0.520738959235928,6,3,0,3,0,1.0,1.0,0.0,1.0,1.0,1.0,0.0,1.0
59,pilot_selected,negative_max,0.4992150982068022,6,3,0,3,0,1.0,1.0,0.0,1.0,1.0,1.0,0.0,1.0
59,pilot_selected,separating_midpoint,0.5099770287213651,6,3,0,3,0,1.0,1.0,0.0,1.0,1.0,1.0,0.0,1.0
59,length_only,legacy,0.6886573876725195,6,1,0,3,2,1.0,0.3333333333333333,0.0,0.5,0.6666666666666666,1.0,0.6666666666666667,1.0
59,length_only,negative_max,0.6569549633002116,6,2,0,3,1,1.0,0.6666666666666666,0.0,0.8,0.8333333333333334,1.0,0.33333333333333337,1.0
59,length_only,separating_midpoint,0.6886573876725195,6,1,0,3,2,1.0,0.3333333333333333,0.0,0.5,0.6666666666666666,1.0,0.6666666666666667,1.0
59,repetition_only,legacy,1.0000000000000002,6,0,0,3,3,,0.0,0.0,0.0,0.5,1.0,1.0,1.0
59,repetition_only,negative_max,0.6123238835865745,6,0,0,3,3,,0.0,0.0,0.0,0.5,1.0,1.0,1.0
59,repetition_only,separating_midpoint,1.0000000000000002,6,0,0,3,3,,0.0,0.0,0.0,0.5,1.0,1.0,1.0
59,without_repetition,legacy,0.8069314838265929,6,3,0,3,0,1.0,1.0,0.0,1.0,1.0,1.0,0.0,1.0
59,without_repetition,negative_max,0.2646384256203006,6,3,0,3,0,1.0,1.0,0.0,1.0,1.0,1.0,0.0,1.0
59,without_repetition,separating_midpoint,0.5357849547234467,6,3,0,3,0,1.0,1.0,0.0,1.0,1.0,1.0,0.0,1.0
60,original,legacy,0.7375405517900818,6,3,0,3,0,1.0,1.0,0.0,1.0,1.0,1.0,0.0,1.0
60,original,negative_max,0.11104291882662333,6,3,1,2,0,0.75,1.0,0.3333333333333333,0.8571428571428571,0.8333333333333334,1.0,0.0,1.0
60,original,separating_midpoint,0.42429173530835257,6,3,1,2,0,0.75,1.0,0.3333333333333333,0.8571428571428571,0.8333333333333334,1.0,0.0,1.0
60,pilot_selected,legacy,0.5117496645153369,6,3,0,3,0,1.0,1.0,0.0,1.0,1.0,1.0,0.0,1.0
60,pilot_selected,negative_max,0.4789918818523325,6,3,1,2,0,0.75,1.0,0.3333333333333333,0.8571428571428571,0.8333333333333334,1.0,0.0,1.0
60,pilot_selected,separating_midpoint,0.49537077318383466,6,3,1,2,0,0.75,1.0,0.3333333333333333,0.8571428571428571,0.8333333333333334,1.0,0.0,1.0
60,length_only,legacy,0.7082717456015453,6,1,0,3,2,1.0,0.3333333333333333,0.0,0.5,0.6666666666666666,1.0,0.6666666666666667,1.0
60,length_only,negative_max,0.6763242218913447,6,2,0,3,1,1.0,0.6666666666666666,0.0,0.8,0.8333333333333334,1.0,0.33333333333333337,1.0
60,length_only,separating_midpoint,0.7082717456015453,6,1,0,3,2,1.0,0.3333333333333333,0.0,0.5,0.6666666666666666,1.0,0.6666666666666667,1.0
60,repetition_only,legacy,1.0000000000000002,6,0,0,3,3,,0.0,0.0,0.0,0.5,0.8333333333333334,1.0,1.0
60,repetition_only,negative_max,0.5501751411415866,6,0,0,3,3,,0.0,0.0,0.0,0.5,0.8333333333333334,1.0,1.0
60,repetition_only,separating_midpoint,1.0000000000000002,6,0,0,3,3,,0.0,0.0,0.0,0.5,0.8333333333333334,1.0,1.0
60,without_repetition,legacy,0.7278649610891569,6,3,0,3,0,1.0,1.0,0.0,1.0,1.0,1.0,0.0,1.0
60,without_repetition,negative_max,0.11888087517378002,6,3,1,2,0,0.75,1.0,0.3333333333333333,0.8571428571428571,0.8333333333333334,1.0,0.0,1.0
60,without_repetition,separating_midpoint,0.42337291813146843,6,3,0,3,0,1.0,1.0,0.0,1.0,1.0,1.0,0.0,1.0
61,original,legacy,0.6122289959435477,6,3,0,3,0,1.0,1.0,0.0,1.0,1.0,1.0,0.0,1.0
61,original,negative_max,0.34142258091399513,6,3,0,3,0,1.0,1.0,0.0,1.0,1.0,1.0,0.0,1.0
61,original,separating_midpoint,0.47682578842877144,6,3,0,3,0,1.0,1.0,0.0,1.0,1.0,1.0,0.0,1.0
61,pilot_selected,legacy,0.5089216918032721,6,3,0,3,0,1.0,1.0,0.0,1.0,1.0,1.0,0.0,1.0
61,pilot_selected,negative_max,0.4839009809073178,6,3,2,1,0,0.6,1.0,0.6666666666666666,0.75,0.6666666666666666,1.0,0.0,1.0
61,pilot_selected,separating_midpoint,0.4964113363552949,6,3,1,2,0,0.75,1.0,0.3333333333333333,0.8571428571428571,0.8333333333333334,1.0,0.0,1.0
61,length_only,legacy,1.0000000000000002,6,0,0,3,3,,0.0,0.0,0.0,0.5,0.7777777777777778,1.0,1.0
61,length_only,negative_max,0.7717734814501821,6,1,1,2,2,0.5,0.3333333333333333,0.3333333333333333,0.4,0.5,0.7777777777777778,0.6666666666666667,1.0
61,length_only,separating_midpoint,1.0000000000000002,6,0,0,3,3,,0.0,0.0,0.0,0.5,0.7777777777777778,1.0,1.0
61,repetition_only,legacy,1.0000000000000002,6,0,0,3,3,,0.0,0.0,0.0,0.5,0.6666666666666666,1.0,1.0
61,repetition_only,negative_max,0.6360035519642646,6,0,0,3,3,,0.0,0.0,0.0,0.5,0.6666666666666666,1.0,1.0
61,repetition_only,separating_midpoint,1.0000000000000002,6,0,0,3,3,,0.0,0.0,0.0,0.5,0.6666666666666666,1.0,1.0
61,without_repetition,legacy,0.5964023858328794,6,3,0,3,0,1.0,1.0,0.0,1.0,1.0,1.0,0.0,1.0
61,without_repetition,negative_max,0.33421005917604446,6,3,0,3,0,1.0,1.0,0.0,1.0,1.0,1.0,0.0,1.0
61,without_repetition,separating_midpoint,0.4653062225044619,6,3,0,3,0,1.0,1.0,0.0,1.0,1.0,1.0,0.0,1.0
62,original,legacy,0.7924046844707181,6,2,0,3,1,1.0,0.6666666666666666,0.0,0.8,0.8333333333333334,1.0,0.33333333333333337,1.0
62,original,negative_max,0.3037260744400318,6,3,1,2,0,0.75,1.0,0.3333333333333333,0.8571428571428571,0.8333333333333334,1.0,0.0,1.0
62,original,separating_midpoint,0.5480653794553749,6,3,0,3,0,1.0,1.0,0.0,1.0,1.0,1.0,0.0,1.0
62,pilot_selected,legacy,0.5161405476126153,6,2,0,3,1,1.0,0.6666666666666666,0.0,0.8,0.8333333333333334,1.0,0.33333333333333337,1.0
62,pilot_selected,negative_max,0.4991716877003279,6,3,1,2,0,0.75,1.0,0.3333333333333333,0.8571428571428571,0.8333333333333334,1.0,0.0,1.0
62,pilot_selected,separating_midpoint,0.5076561176564716,6,3,0,3,0,1.0,1.0,0.0,1.0,1.0,1.0,0.0,1.0
62,length_only,legacy,0.5990560868961791,6,2,1,2,1,0.6666666666666666,0.6666666666666666,0.3333333333333333,0.6666666666666666,0.6666666666666666,0.8888888888888888,0.33333333333333337,1.0
62,length_only,negative_max,0.5877859981180161,6,2,1,2,1,0.6666666666666666,0.6666666666666666,0.3333333333333333,0.6666666666666666,0.6666666666666666,0.8888888888888888,0.33333333333333337,1.0
62,length_only,separating_midpoint,0.5934210425070976,6,2,1,2,1,0.6666666666666666,0.6666666666666666,0.3333333333333333,0.6666666666666666,0.6666666666666666,0.8888888888888888,0.33333333333333337,1.0
62,repetition_only,legacy,1.0000000000000002,6,0,0,3,3,,0.0,0.0,0.0,0.5,0.8333333333333334,1.0,1.0
62,repetition_only,negative_max,0.5775126414004302,6,0,0,3,3,,0.0,0.0,0.0,0.5,0.8333333333333334,1.0,1.0
62,repetition_only,separating_midpoint,1.0000000000000002,6,0,0,3,3,,0.0,0.0,0.0,0.5,0.8333333333333334,1.0,1.0
62,without_repetition,legacy,0.7926215057588898,6,2,0,3,1,1.0,0.6666666666666666,0.0,0.8,0.8333333333333334,1.0,0.33333333333333337,1.0
62,without_repetition,negative_max,0.24181599235519366,6,3,1,2,0,0.75,1.0,0.3333333333333333,0.8571428571428571,0.8333333333333334,1.0,0.0,1.0
62,without_repetition,separating_midpoint,0.5172187490570417,6,3,0,3,0,1.0,1.0,0.0,1.0,1.0,1.0,0.0,1.0
63,original,legacy,0.8583352010695214,6,2,0,3,1,1.0,0.6666666666666666,0.0,0.8,0.8333333333333334,1.0,0.33333333333333337,1.0
63,original,negative_max,0.21612969057720802,6,3,1,2,0,0.75,1.0,0.3333333333333333,0.8571428571428571,0.8333333333333334,1.0,0.0,1.0
63,original,separating_midpoint,0.5372324458233647,6,3,0,3,0,1.0,1.0,0.0,1.0,1.0,1.0,0.0,1.0
63,pilot_selected,legacy,0.521311906437984,6,2,0,3,1,1.0,0.6666666666666666,0.0,0.8,0.8333333333333334,1.0,0.33333333333333337,1.0
63,pilot_selected,negative_max,0.5001314295726654,6,3,0,3,0,1.0,1.0,0.0,1.0,1.0,1.0,0.0,1.0
63,pilot_selected,separating_midpoint,0.5107216680053246,6,3,0,3,0,1.0,1.0,0.0,1.0,1.0,1.0,0.0,1.0
63,length_only,legacy,0.611332566228801,6,2,1,2,1,0.6666666666666666,0.6666666666666666,0.3333333333333333,0.6666666666666666,0.6666666666666666,0.8888888888888888,0.33333333333333337,1.0
63,length_only,negative_max,0.43275638166493313,6,3,1,2,0,0.75,1.0,0.3333333333333333,0.8571428571428571,0.8333333333333334,0.8888888888888888,0.0,1.0
63,length_only,separating_midpoint,0.522044473946867,6,3,1,2,0,0.75,1.0,0.3333333333333333,0.8571428571428571,0.8333333333333334,0.8888888888888888,0.0,1.0
63,repetition_only,legacy,1.0000000000000002,6,0,0,3,3,,0.0,0.0,0.0,0.5,0.6666666666666666,1.0,1.0
63,repetition_only,negative_max,0.6727378513604586,6,0,0,3,3,,0.0,0.0,0.0,0.5,0.6666666666666666,1.0,1.0
63,repetition_only,separating_midpoint,1.0000000000000002,6,0,0,3,3,,0.0,0.0,0.0,0.5,0.6666666666666666,1.0,1.0
63,without_repetition,legacy,0.8499431026777446,6,2,0,3,1,1.0,0.6666666666666666,0.0,0.8,0.8333333333333334,1.0,0.33333333333333337,1.0
63,without_repetition,negative_max,0.16679902244467945,6,3,1,2,0,0.75,1.0,0.3333333333333333,0.8571428571428571,0.8333333333333334,1.0,0.0,1.0
63,without_repetition,separating_midpoint,0.508371062561212,6,3,0,3,0,1.0,1.0,0.0,1.0,1.0,1.0,0.0,1.0
64,original,legacy,0.8245017516734039,6,2,0,3,1,1.0,0.6666666666666666,0.0,0.8,0.8333333333333334,1.0,0.33333333333333337,1.0
64,original,negative_max,0.38958299549875025,6,3,1,2,0,0.75,1.0,0.3333333333333333,0.8571428571428571,0.8333333333333334,1.0,0.0,1.0
64,original,separating_midpoint,0.607042373586077,6,3,0,3,0,1.0,1.0,0.0,1.0,1.0,1.0,0.0,1.0
64,pilot_selected,legacy,0.5212480493079614,6,1,0,3,2,1.0,0.3333333333333333,0.0,0.5,0.6666666666666666,0.8888888888888888,0.6666666666666667,1.0
64,pilot_selected,negative_max,0.5068754486110137,6,3,1,2,0,0.75,1.0,0.3333333333333333,0.8571428571428571,0.8333333333333334,0.8888888888888888,0.0,1.0
64,pilot_selected,separating_midpoint,0.5140617489594875,6,2,0,3,1,1.0,0.6666666666666666,0.0,0.8,0.8333333333333334,0.8888888888888888,0.33333333333333337,1.0
64,length_only,legacy,0.5892947146509002,6,2,1,2,1,0.6666666666666666,0.6666666666666666,0.3333333333333333,0.6666666666666666,0.6666666666666666,0.7777777777777778,0.33333333333333337,1.0
64,length_only,negative_max,0.43770652772497104,6,3,1,2,0,0.75,1.0,0.3333333333333333,0.8571428571428571,0.8333333333333334,0.7777777777777778,0.0,1.0
64,length_only,separating_midpoint,0.5135006211879356,6,3,1,2,0,0.75,1.0,0.3333333333333333,0.8571428571428571,0.8333333333333334,0.7777777777777778,0.0,1.0
64,repetition_only,legacy,1.0000000000000002,6,0,0,3,3,,0.0,0.0,0.0,0.5,0.8333333333333334,1.0,1.0
64,repetition_only,negative_max,0.5854147126594276,6,0,0,3,3,,0.0,0.0,0.0,0.5,0.8333333333333334,1.0,1.0
64,repetition_only,separating_midpoint,1.0000000000000002,6,0,0,3,3,,0.0,0.0,0.0,0.5,0.8333333333333334,1.0,1.0
64,without_repetition,legacy,0.8311557064041298,6,2,0,3,1,1.0,0.6666666666666666,0.0,0.8,0.8333333333333334,1.0,0.33333333333333337,1.0
64,without_repetition,negative_max,0.33140848466329104,6,3,2,1,0,0.6,1.0,0.6666666666666666,0.75,0.6666666666666666,1.0,0.0,1.0
64,without_repetition,separating_midpoint,0.5812820955337104,6,3,0,3,0,1.0,1.0,0.0,1.0,1.0,1.0,0.0,1.0
65,original,legacy,0.8459418350784161,6,3,0,3,0,1.0,1.0,0.0,1.0,1.0,1.0,0.0,1.0
65,original,negative_max,0.4335589877762328,6,3,0,3,0,1.0,1.0,0.0,1.0,1.0,1.0,0.0,1.0
65,original,separating_midpoint,0.6397504114273245,6,3,0,3,0,1.0,1.0,0.0,1.0,1.0,1.0,0.0,1.0
65,pilot_selected,legacy,0.5215144399173124,6,2,0,3,1,1.0,0.6666666666666666,0.0,0.8,0.8333333333333334,1.0,0.33333333333333337,1.0
65,pilot_selected,negative_max,0.5026771457906206,6,3,0,3,0,1.0,1.0,0.0,1.0,1.0,1.0,0.0,1.0
65,pilot_selected,separating_midpoint,0.5120957928539664,6,3,0,3,0,1.0,1.0,0.0,1.0,1.0,1.0,0.0,1.0
65,length_only,legacy,0.7076872382990248,6,1,0,3,2,1.0,0.3333333333333333,0.0,0.5,0.6666666666666666,1.0,0.6666666666666667,1.0
65,length_only,negative_max,0.6746173841699601,6,1,0,3,2,1.0,0.3333333333333333,0.0,0.5,0.6666666666666666,1.0,0.6666666666666667,1.0
65,length_only,separating_midpoint,0.7076872382990248,6,1,0,3,2,1.0,0.3333333333333333,0.0,0.5,0.6666666666666666,1.0,0.6666666666666667,1.0
65,repetition_only,legacy,1.0000000000000002,6,0,0,3,3,,0.0,0.0,0.0,0.5,0.8333333333333334,1.0,1.0
65,repetition_only,negative_max,0.6355215701592462,6,0,0,3,3,,0.0,0.0,0.0,0.5,0.8333333333333334,1.0,1.0
65,repetition_only,separating_midpoint,1.0000000000000002,6,0,0,3,3,,0.0,0.0,0.0,0.5,0.8333333333333334,1.0,1.0
65,without_repetition,legacy,0.8325445020036809,6,3,0,3,0,1.0,1.0,0.0,1.0,1.0,1.0,0.0,1.0
65,without_repetition,negative_max,0.43541706693227633,6,3,0,3,0,1.0,1.0,0.0,1.0,1.0,1.0,0.0,1.0
65,without_repetition,separating_midpoint,0.6339807844679786,6,3,0,3,0,1.0,1.0,0.0,1.0,1.0,1.0,0.0,1.0
66,original,legacy,0.809630745607146,6,3,0,3,0,1.0,1.0,0.0,1.0,1.0,1.0,0.0,1.0
66,original,negative_max,0.28649844530523205,6,3,0,3,0,1.0,1.0,0.0,1.0,1.0,1.0,0.0,1.0
66,original,separating_midpoint,0.548064595456189,6,3,0,3,0,1.0,1.0,0.0,1.0,1.0,1.0,0.0,1.0
66,pilot_selected,legacy,0.5166032363598969,6,2,0,3,1,1.0,0.6666666666666666,0.0,0.8,0.8333333333333334,1.0,0.33333333333333337,1.0
66,pilot_selected,negative_max,0.4876528344960089,6,3,1,2,0,0.75,1.0,0.3333333333333333,0.8571428571428571,0.8333333333333334,1.0,0.0,1.0
66,pilot_selected,separating_midpoint,0.5021280354279529,6,3,0,3,0,1.0,1.0,0.0,1.0,1.0,1.0,0.0,1.0
66,length_only,legacy,0.6987516372707875,6,2,0,3,1,1.0,0.6666666666666666,0.0,0.8,0.8333333333333334,1.0,0.33333333333333337,1.0
66,length_only,negative_max,0.6694132181105306,6,2,0,3,1,1.0,0.6666666666666666,0.0,0.8,0.8333333333333334,1.0,0.33333333333333337,1.0
66,length_only,separating_midpoint,0.6987516372707875,6,2,0,3,1,1.0,0.6666666666666666,0.0,0.8,0.8333333333333334,1.0,0.33333333333333337,1.0
66,repetition_only,legacy,1.0000000000000002,6,0,0,3,3,,0.0,0.0,0.0,0.5,0.8333333333333334,1.0,1.0
66,repetition_only,negative_max,0.5668709537936766,6,0,0,3,3,,0.0,0.0,0.0,0.5,0.8333333333333334,1.0,1.0
66,repetition_only,separating_midpoint,1.0000000000000002,6,0,0,3,3,,0.0,0.0,0.0,0.5,0.8333333333333334,1.0,1.0
66,without_repetition,legacy,0.803923202358531,6,3,0,3,0,1.0,1.0,0.0,1.0,1.0,1.0,0.0,1.0
66,without_repetition,negative_max,0.3049511661846459,6,3,0,3,0,1.0,1.0,0.0,1.0,1.0,1.0,0.0,1.0
66,without_repetition,separating_midpoint,0.5544371842715884,6,3,0,3,0,1.0,1.0,0.0,1.0,1.0,1.0,0.0,1.0
67,original,legacy,0.9297006588523095,6,1,0,3,2,1.0,0.3333333333333333,0.0,0.5,0.6666666666666666,1.0,0.6666666666666667,1.0
67,original,negative_max,0.43278418258966656,6,3,0,3,0,1.0,1.0,0.0,1.0,1.0,1.0,0.0,1.0
67,original,separating_midpoint,0.681242420720988,6,3,0,3,0,1.0,1.0,0.0,1.0,1.0,1.0,0.0,1.0
67,pilot_selected,legacy,0.5260208403469875,6,1,0,3,2,1.0,0.3333333333333333,0.0,0.5,0.6666666666666666,1.0,0.6666666666666667,1.0
67,pilot_selected,negative_max,0.4982033599093102,6,3,0,3,0,1.0,1.0,0.0,1.0,1.0,1.0,0.0,1.0
67,pilot_selected,separating_midpoint,0.5121121001281488,6,3,0,3,0,1.0,1.0,0.0,1.0,1.0,1.0,0.0,1.0
67,length_only,legacy,0.5842433023771292,6,2,0,3,1,1.0,0.6666666666666666,0.0,0.8,0.8333333333333334,1.0,0.33333333333333337,1.0
67,length_only,negative_max,0.4023902715242662,6,3,2,1,0,0.6,1.0,0.6666666666666666,0.75,0.6666666666666666,1.0,0.0,1.0
67,length_only,separating_midpoint,0.4933167869506977,6,3,1,2,0,0.75,1.0,0.3333333333333333,0.8571428571428571,0.8333333333333334,1.0,0.0,1.0
67,repetition_only,legacy,0.5433004569107215,6,3,1,2,0,0.75,1.0,0.3333333333333333,0.8571428571428571,0.8333333333333334,0.8333333333333334,0.0,1.0
67,repetition_only,negative_max,0.501547280672577,6,3,1,2,0,0.75,1.0,0.3333333333333333,0.8571428571428571,0.8333333333333334,0.8333333333333334,0.0,1.0
67,repetition_only,separating_midpoint,0.5224238687916491,6,3,1,2,0,0.75,1.0,0.3333333333333333,0.8571428571428571,0.8333333333333334,0.8333333333333334,0.0,1.0
67,without_repetition,legacy,0.9290110264792573,6,1,0,3,2,1.0,0.3333333333333333,0.0,0.5,0.6666666666666666,1.0,0.6666666666666667,1.0
67,without_repetition,negative_max,0.4217707403285685,6,3,0,3,0,1.0,1.0,0.0,1.0,1.0,1.0,0.0,1.0
67,without_repetition,separating_midpoint,0.6753908834039128,6,3,0,3,0,1.0,1.0,0.0,1.0,1.0,1.0,0.0,1.0
68,original,legacy,0.7989799978493571,6,3,0,3,0,1.0,1.0,0.0,1.0,1.0,1.0,0.0,1.0
68,original,negative_max,0.29824841791173645,6,3,1,2,0,0.75,1.0,0.3333333333333333,0.8571428571428571,0.8333333333333334,1.0,0.0,1.0
68,original,separating_midpoint,0.5486142078805467,6,3,1,2,0,0.75,1.0,0.3333333333333333,0.8571428571428571,0.8333333333333334,1.0,0.0,1.0
68,pilot_selected,legacy,0.5176274481996576,6,3,0,3,0,1.0,1.0,0.0,1.0,1.0,1.0,0.0,1.0
68,pilot_selected,negative_max,0.49554093832114837,6,3,1,2,0,0.75,1.0,0.3333333333333333,0.8571428571428571,0.8333333333333334,1.0,0.0,1.0
68,pilot_selected,separating_midpoint,0.5065841932604029,6,3,0,3,0,1.0,1.0,0.0,1.0,1.0,1.0,0.0,1.0
68,length_only,legacy,0.6344964745980584,6,1,0,3,2,1.0,0.3333333333333333,0.0,0.5,0.6666666666666666,1.0,0.6666666666666667,1.0
68,length_only,negative_max,0.5017429539284336,6,3,1,2,0,0.75,1.0,0.3333333333333333,0.8571428571428571,0.8333333333333334,1.0,0.0,1.0
68,length_only,separating_midpoint,0.5681197142632459,6,3,1,2,0,0.75,1.0,0.3333333333333333,0.8571428571428571,0.8333333333333334,1.0,0.0,1.0
68,repetition_only,legacy,1.0000000000000002,6,0,0,3,3,,0.0,0.0,0.0,0.5,0.8333333333333334,1.0,1.0
68,repetition_only,negative_max,0.5775126414004302,6,0,0,3,3,,0.0,0.0,0.0,0.5,0.8333333333333334,1.0,1.0
68,repetition_only,separating_midpoint,1.0000000000000002,6,0,0,3,3,,0.0,0.0,0.0,0.5,0.8333333333333334,1.0,1.0
68,without_repetition,legacy,0.8111094192404245,6,3,0,3,0,1.0,1.0,0.0,1.0,1.0,1.0,0.0,1.0
68,without_repetition,negative_max,0.22546198275046458,6,3,1,2,0,0.75,1.0,0.3333333333333333,0.8571428571428571,0.8333333333333334,1.0,0.0,1.0
68,without_repetition,separating_midpoint,0.5182857009954445,6,3,0,3,0,1.0,1.0,0.0,1.0,1.0,1.0,0.0,1.0
69,original,legacy,0.6434383445030672,6,3,0,3,0,1.0,1.0,0.0,1.0,1.0,1.0,0.0,1.0
69,original,negative_max,0.25300556613614666,6,3,0,3,0,1.0,1.0,0.0,1.0,1.0,1.0,0.0,1.0
69,original,separating_midpoint,0.44822195531960696,6,3,0,3,0,1.0,1.0,0.0,1.0,1.0,1.0,0.0,1.0
69,pilot_selected,legacy,0.5080772535777947,6,3,0,3,0,1.0,1.0,0.0,1.0,1.0,1.0,0.0,1.0
69,pilot_selected,negative_max,0.4863081360517538,6,3,0,3,0,1.0,1.0,0.0,1.0,1.0,1.0,0.0,1.0
69,pilot_selected,separating_midpoint,0.49719269481477424,6,3,0,3,0,1.0,1.0,0.0,1.0,1.0,1.0,0.0,1.0
69,length_only,legacy,1.0000000000000002,6,0,0,3,3,,0.0,0.0,0.0,0.5,1.0,1.0,1.0
69,length_only,negative_max,0.7750213952776123,6,0,0,3,3,,0.0,0.0,0.0,0.5,1.0,1.0,1.0
69,length_only,separating_midpoint,1.0000000000000002,6,0,0,3,3,,0.0,0.0,0.0,0.5,1.0,1.0,1.0
69,repetition_only,legacy,1.0000000000000002,6,0,0,3,3,,0.0,0.0,0.0,0.5,0.8333333333333334,1.0,1.0
69,repetition_only,negative_max,0.6338142009576536,6,0,0,3,3,,0.0,0.0,0.0,0.5,0.8333333333333334,1.0,1.0
69,repetition_only,separating_midpoint,1.0000000000000002,6,0,0,3,3,,0.0,0.0,0.0,0.5,0.8333333333333334,1.0,1.0
69,without_repetition,legacy,0.5791769084208803,6,3,0,3,0,1.0,1.0,0.0,1.0,1.0,1.0,0.0,1.0
69,without_repetition,negative_max,0.1905258047417413,6,3,0,3,0,1.0,1.0,0.0,1.0,1.0,1.0,0.0,1.0
69,without_repetition,separating_midpoint,0.3848513565813108,6,3,0,3,0,1.0,1.0,0.0,1.0,1.0,1.0,0.0,1.0
70,original,legacy,0.8778705234467327,6,1,0,3,2,1.0,0.3333333333333333,0.0,0.5,0.6666666666666666,1.0,0.6666666666666667,1.0
70,original,negative_max,0.4800208333298137,6,3,0,3,0,1.0,1.0,0.0,1.0,1.0,1.0,0.0,1.0
70,original,separating_midpoint,0.6789456783882731,6,3,0,3,0,1.0,1.0,0.0,1.0,1.0,1.0,0.0,1.0
70,pilot_selected,legacy,0.5209429729016265,6,1,0,3,2,1.0,0.3333333333333333,0.0,0.5,0.6666666666666666,1.0,0.6666666666666667,1.0
70,pilot_selected,negative_max,0.5009784772559476,6,3,0,3,0,1.0,1.0,0.0,1.0,1.0,1.0,0.0,1.0
70,pilot_selected,separating_midpoint,0.510960725078787,6,3,0,3,0,1.0,1.0,0.0,1.0,1.0,1.0,0.0,1.0
70,length_only,legacy,0.6252252712649655,6,2,1,2,1,0.6666666666666666,0.6666666666666666,0.3333333333333333,0.6666666666666666,0.6666666666666666,0.7777777777777778,0.33333333333333337,1.0
70,length_only,negative_max,0.6198338713064984,6,2,1,2,1,0.6666666666666666,0.6666666666666666,0.3333333333333333,0.6666666666666666,0.6666666666666666,0.7777777777777778,0.33333333333333337,1.0
70,length_only,separating_midpoint,0.6225295712857319,6,2,1,2,1,0.6666666666666666,0.6666666666666666,0.3333333333333333,0.6666666666666666,0.6666666666666666,0.7777777777777778,0.33333333333333337,1.0
70,repetition_only,legacy,0.5804781614699539,6,3,2,1,0,0.6,1.0,0.6666666666666666,0.75,0.6666666666666666,0.6666666666666666,0.0,1.0
70,repetition_only,negative_max,0.5219646616077619,6,3,2,1,0,0.6,1.0,0.6666666666666666,0.75,0.6666666666666666,0.6666666666666666,0.0,1.0
70,repetition_only,separating_midpoint,0.5512214115388578,6,3,2,1,0,0.6,1.0,0.6666666666666666,0.75,0.6666666666666666,0.6666666666666666,0.0,1.0
70,without_repetition,legacy,0.8694540486115407,6,1,0,3,2,1.0,0.3333333333333333,0.0,0.5,0.6666666666666666,1.0,0.6666666666666667,1.0
70,without_repetition,negative_max,0.4488935265385061,6,3,0,3,0,1.0,1.0,0.0,1.0,1.0,1.0,0.0,1.0
70,without_repetition,separating_midpoint,0.6591737875750234,6,3,0,3,0,1.0,1.0,0.0,1.0,1.0,1.0,0.0,1.0
71,original,legacy,0.8099137774027602,6,2,0,3,1,1.0,0.6666666666666666,0.0,0.8,0.8333333333333334,1.0,0.33333333333333337,1.0
71,original,negative_max,0.22369783510322877,6,3,0,3,0,1.0,1.0,0.0,1.0,1.0,1.0,0.0,1.0
71,original,separating_midpoint,0.5168058062529944,6,3,0,3,0,1.0,1.0,0.0,1.0,1.0,1.0,0.0,1.0
71,pilot_selected,legacy,0.5166715233761995,6,2,0,3,1,1.0,0.6666666666666666,0.0,0.8,0.8333333333333334,1.0,0.33333333333333337,1.0
71,pilot_selected,negative_max,0.49630835497803355,6,3,0,3,0,1.0,1.0,0.0,1.0,1.0,1.0,0.0,1.0
71,pilot_selected,separating_midpoint,0.5064899391771165,6,3,0,3,0,1.0,1.0,0.0,1.0,1.0,1.0,0.0,1.0
71,length_only,legacy,0.6725158825637966,6,1,0,3,2,1.0,0.3333333333333333,0.0,0.5,0.6666666666666666,0.8888888888888888,0.6666666666666667,1.0
71,length_only,negative_max,0.5776581598058032,6,3,2,1,0,0.6,1.0,0.6666666666666666,0.75,0.6666666666666666,0.8888888888888888,0.0,1.0
71,length_only,separating_midpoint,0.6250870211847999,6,3,2,1,0,0.6,1.0,0.6666666666666666,0.75,0.6666666666666666,0.8888888888888888,0.0,1.0
71,repetition_only,legacy,1.0000000000000002,6,0,0,3,3,,0.0,0.0,0.0,0.5,0.8333333333333334,1.0,1.0
71,repetition_only,negative_max,0.5779379226751016,6,0,0,3,3,,0.0,0.0,0.0,0.5,0.8333333333333334,1.0,1.0
71,repetition_only,separating_midpoint,1.0000000000000002,6,0,0,3,3,,0.0,0.0,0.0,0.5,0.8333333333333334,1.0,1.0
71,without_repetition,legacy,0.8160475633915363,6,2,0,3,1,1.0,0.6666666666666666,0.0,0.8,0.8333333333333334,1.0,0.33333333333333337,1.0
71,without_repetition,negative_max,0.1974424928679809,6,3,1,2,0,0.75,1.0,0.3333333333333333,0.8571428571428571,0.8333333333333334,1.0,0.0,1.0
71,without_repetition,separating_midpoint,0.5067450281297585,6,3,0,3,0,1.0,1.0,0.0,1.0,1.0,1.0,0.0,1.0
72,original,legacy,0.8283412479436554,6,2,0,3,1,1.0,0.6666666666666666,0.0,0.8,0.8333333333333334,1.0,0.33333333333333337,1.0
72,original,negative_max,0.4529117181646522,6,3,0,3,0,1.0,1.0,0.0,1.0,1.0,1.0,0.0,1.0
72,original,separating_midpoint,0.6406264830541537,6,3,0,3,0,1.0,1.0,0.0,1.0,1.0,1.0,0.0,1.0
72,pilot_selected,legacy,0.5171232261533005,6,2,0,3,1,1.0,0.6666666666666666,0.0,0.8,0.8333333333333334,1.0,0.33333333333333337,1.0
72,pilot_selected,negative_max,0.5006059984839565,6,3,0,3,0,1.0,1.0,0.0,1.0,1.0,1.0,0.0,1.0
72,pilot_selected,separating_midpoint,0.5088646123186285,6,3,0,3,0,1.0,1.0,0.0,1.0,1.0,1.0,0.0,1.0
72,length_only,legacy,0.734553428717873,6,1,0,3,2,1.0,0.3333333333333333,0.0,0.5,0.6666666666666666,1.0,0.6666666666666667,1.0
72,length_only,negative_max,0.7293669678521812,6,1,0,3,2,1.0,0.3333333333333333,0.0,0.5,0.6666666666666666,1.0,0.6666666666666667,1.0
72,length_only,separating_midpoint,0.734553428717873,6,1,0,3,2,1.0,0.3333333333333333,0.0,0.5,0.6666666666666666,1.0,0.6666666666666667,1.0
72,repetition_only,legacy,0.583543910222254,6,3,2,1,0,0.6,1.0,0.6666666666666666,0.75,0.6666666666666666,0.6666666666666666,0.0,1.0
72,repetition_only,negative_max,0.524112670420199,6,3,2,1,0,0.6,1.0,0.6666666666666666,0.75,0.6666666666666666,0.6666666666666666,0.0,1.0
72,repetition_only,separating_midpoint,0.5538282903212265,6,3,2,1,0,0.6,1.0,0.6666666666666666,0.75,0.6666666666666666,0.6666666666666666,0.0,1.0
72,without_repetition,legacy,0.8162425726473754,6,3,0,3,0,1.0,1.0,0.0,1.0,1.0,1.0,0.0,1.0
72,without_repetition,negative_max,0.4115398338296508,6,3,0,3,0,1.0,1.0,0.0,1.0,1.0,1.0,0.0,1.0
72,without_repetition,separating_midpoint,0.6138912032385131,6,3,0,3,0,1.0,1.0,0.0,1.0,1.0,1.0,0.0,1.0
73,original,legacy,0.8866897151737709,6,1,0,3,2,1.0,0.3333333333333333,0.0,0.5,0.6666666666666666,1.0,0.6666666666666667,1.0
73,original,negative_max,0.12715925600814984,6,3,0,3,0,1.0,1.0,0.0,1.0,1.0,1.0,0.0,1.0
73,original,separating_midpoint,0.5069244855909604,6,3,0,3,0,1.0,1.0,0.0,1.0,1.0,1.0,0.0,1.0
73,pilot_selected,legacy,0.5245777205421329,6,1,0,3,2,1.0,0.3333333333333333,0.0,0.5,0.6666666666666666,1.0,0.6666666666666667,1.0
73,pilot_selected,negative_max,0.4715279994437795,6,3,2,1,0,0.6,1.0,0.6666666666666666,0.75,0.6666666666666666,1.0,0.0,1.0
73,pilot_selected,separating_midpoint,0.4980528599929562,6,3,0,3,0,1.0,1.0,0.0,1.0,1.0,1.0,0.0,1.0
73,length_only,legacy,0.6020690736079429,6,3,0,3,0,1.0,1.0,0.0,1.0,1.0,1.0,0.0,1.0
73,length_only,negative_max,0.5942791619636971,6,3,0,3,0,1.0,1.0,0.0,1.0,1.0,1.0,0.0,1.0
73,length_only,separating_midpoint,0.59817411778582,6,3,0,3,0,1.0,1.0,0.0,1.0,1.0,1.0,0.0,1.0
73,repetition_only,legacy,0.6335032142838833,6,3,2,1,0,0.6,1.0,0.6666666666666666,0.75,0.6666666666666666,0.6666666666666666,0.0,1.0
73,repetition_only,negative_max,0.3153911350811215,6,3,2,1,0,0.6,1.0,0.6666666666666666,0.75,0.6666666666666666,0.6666666666666666,0.0,1.0
73,repetition_only,separating_midpoint,0.4744471746825024,6,3,2,1,0,0.6,1.0,0.6666666666666666,0.75,0.6666666666666666,0.6666666666666666,0.0,1.0
73,without_repetition,legacy,0.8726342462139461,6,1,0,3,2,1.0,0.3333333333333333,0.0,0.5,0.6666666666666666,1.0,0.6666666666666667,1.0
73,without_repetition,negative_max,0.13527170078669967,6,3,0,3,0,1.0,1.0,0.0,1.0,1.0,1.0,0.0,1.0
73,without_repetition,separating_midpoint,0.5039529735003229,6,3,0,3,0,1.0,1.0,0.0,1.0,1.0,1.0,0.0,1.0
74,original,legacy,0.7899893294324761,6,3,0,3,0,1.0,1.0,0.0,1.0,1.0,1.0,0.0,1.0
74,original,negative_max,0.20714940567170984,6,3,0,3,0,1.0,1.0,0.0,1.0,1.0,1.0,0.0,1.0
74,original,separating_midpoint,0.49856936755209297,6,3,0,3,0,1.0,1.0,0.0,1.0,1.0,1.0,0.0,1.0
74,pilot_selected,legacy,0.5144641552425424,6,3,0,3,0,1.0,1.0,0.0,1.0,1.0,1.0,0.0,1.0
74,pilot_selected,negative_max,0.4707977034121976,6,3,1,2,0,0.75,1.0,0.3333333333333333,0.8571428571428571,0.8333333333333334,1.0,0.0,1.0
74,pilot_selected,separating_midpoint,0.49263092932736996,6,3,0,3,0,1.0,1.0,0.0,1.0,1.0,1.0,0.0,1.0
74,length_only,legacy,1.0000000000000002,6,0,0,3,3,,0.0,0.0,0.0,0.5,1.0,1.0,1.0
74,length_only,negative_max,0.77035958292005,6,0,0,3,3,,0.0,0.0,0.0,0.5,1.0,1.0,1.0
74,length_only,separating_midpoint,1.0000000000000002,6,0,0,3,3,,0.0,0.0,0.0,0.5,1.0,1.0,1.0
74,repetition_only,legacy,0.5880360791810678,6,3,1,2,0,0.75,1.0,0.3333333333333333,0.8571428571428571,0.8333333333333334,0.8333333333333334,0.0,1.0
74,repetition_only,negative_max,0.28437173774914515,6,3,2,1,0,0.6,1.0,0.6666666666666666,0.75,0.6666666666666666,0.8333333333333334,0.0,1.0
74,repetition_only,separating_midpoint,0.4362039084651065,6,3,1,2,0,0.75,1.0,0.3333333333333333,0.8571428571428571,0.8333333333333334,0.8333333333333334,0.0,1.0
74,without_repetition,legacy,0.7729247639204063,6,3,0,3,0,1.0,1.0,0.0,1.0,1.0,1.0,0.0,1.0
74,without_repetition,negative_max,0.305095635195875,6,3,0,3,0,1.0,1.0,0.0,1.0,1.0,1.0,0.0,1.0
74,without_repetition,separating_midpoint,0.5390101995581407,6,3,0,3,0,1.0,1.0,0.0,1.0,1.0,1.0,0.0,1.0
75,original,legacy,0.8543715954193988,6,3,0,3,0,1.0,1.0,0.0,1.0,1.0,1.0,0.0,1.0
75,original,negative_max,0.3004727741640416,6,3,1,2,0,0.75,1.0,0.3333333333333333,0.8571428571428571,0.8333333333333334,1.0,0.0,1.0
75,original,separating_midpoint,0.5774221847917201,6,3,0,3,0,1.0,1.0,0.0,1.0,1.0,1.0,0.0,1.0
75,pilot_selected,legacy,0.521157839971766,6,3,0,3,0,1.0,1.0,0.0,1.0,1.0,1.0,0.0,1.0
75,pilot_selected,negative_max,0.4816935511253702,6,3,1,2,0,0.75,1.0,0.3333333333333333,0.8571428571428571,0.8333333333333334,1.0,0.0,1.0
75,pilot_selected,separating_midpoint,0.5014256955485681,6,3,0,3,0,1.0,1.0,0.0,1.0,1.0,1.0,0.0,1.0
75,length_only,legacy,0.6611993672631767,6,1,0,3,2,1.0,0.3333333333333333,0.0,0.5,0.6666666666666666,1.0,0.6666666666666667,1.0
75,length_only,negative_max,0.6545828717860519,6,1,0,3,2,1.0,0.3333333333333333,0.0,0.5,0.6666666666666666,1.0,0.6666666666666667,1.0
75,length_only,separating_midpoint,0.6611993672631767,6,1,0,3,2,1.0,0.3333333333333333,0.0,0.5,0.6666666666666666,1.0,0.6666666666666667,1.0
75,repetition_only,legacy,0.5467445402470563,6,3,0,3,0,1.0,1.0,0.0,1.0,1.0,1.0,0.0,1.0
75,repetition_only,negative_max,0.39578800144025267,6,3,2,1,0,0.6,1.0,0.6666666666666666,0.75,0.6666666666666666,1.0,0.0,1.0
75,repetition_only,separating_midpoint,0.47126627084365447,6,3,0,3,0,1.0,1.0,0.0,1.0,1.0,1.0,0.0,1.0
75,without_repetition,legacy,0.8523781778216675,6,3,0,3,0,1.0,1.0,0.0,1.0,1.0,1.0,0.0,1.0
75,without_repetition,negative_max,0.31921174270456476,6,3,1,2,0,0.75,1.0,0.3333333333333333,0.8571428571428571,0.8333333333333334,1.0,0.0,1.0
75,without_repetition,separating_midpoint,0.5857949602631161,6,3,0,3,0,1.0,1.0,0.0,1.0,1.0,1.0,0.0,1.0
76,original,legacy,0.7923343862824284,6,2,0,3,1,1.0,0.6666666666666666,0.0,0.8,0.8333333333333334,1.0,0.33333333333333337,1.0
76,original,negative_max,0.380443953989977,6,3,0,3,0,1.0,1.0,0.0,1.0,1.0,1.0,0.0,1.0
76,original,separating_midpoint,0.5863891701362026,6,3,0,3,0,1.0,1.0,0.0,1.0,1.0,1.0,0.0,1.0
76,pilot_selected,legacy,0.5145284682252833,6,2,0,3,1,1.0,0.6666666666666666,0.0,0.8,0.8333333333333334,1.0,0.33333333333333337,1.0
76,pilot_selected,negative_max,0.5002300131724976,6,3,0,3,0,1.0,1.0,0.0,1.0,1.0,1.0,0.0,1.0
76,pilot_selected,separating_midpoint,0.5073792406988904,6,3,0,3,0,1.0,1.0,0.0,1.0,1.0,1.0,0.0,1.0
76,length_only,legacy,0.6770802279299715,6,0,1,2,3,0.0,0.0,0.3333333333333333,0.0,0.3333333333333333,0.5555555555555556,1.0,1.0
76,length_only,negative_max,0.4026195629098214,6,3,2,1,0,0.6,1.0,0.6666666666666666,0.75,0.6666666666666666,0.5555555555555556,0.0,1.0
76,length_only,separating_midpoint,0.5398498954198965,6,3,2,1,0,0.6,1.0,0.6666666666666666,0.75,0.6666666666666666,0.5555555555555556,0.0,1.0
76,repetition_only,legacy,1.0000000000000002,6,0,0,3,3,,0.0,0.0,0.0,0.5,0.8333333333333334,1.0,1.0
76,repetition_only,negative_max,0.5934010602807012,6,0,0,3,3,,0.0,0.0,0.0,0.5,0.8333333333333334,1.0,1.0
76,repetition_only,separating_midpoint,1.0000000000000002,6,0,0,3,3,,0.0,0.0,0.0,0.5,0.8333333333333334,1.0,1.0
76,without_repetition,legacy,0.7884889419119085,6,2,0,3,1,1.0,0.6666666666666666,0.0,0.8,0.8333333333333334,1.0,0.33333333333333337,1.0
76,without_repetition,negative_max,0.3455076713851293,6,3,0,3,0,1.0,1.0,0.0,1.0,1.0,1.0,0.0,1.0
76,without_repetition,separating_midpoint,0.5669983066485189,6,3,0,3,0,1.0,1.0,0.0,1.0,1.0,1.0,0.0,1.0
77,original,legacy,0.7708151383764763,6,3,0,3,0,1.0,1.0,0.0,1.0,1.0,1.0,0.0,1.0
77,original,negative_max,0.19238357126029557,6,3,2,1,0,0.6,1.0,0.6666666666666666,0.75,0.6666666666666666,1.0,0.0,1.0
77,original,separating_midpoint,0.4815993548183859,6,3,0,3,0,1.0,1.0,0.0,1.0,1.0,1.0,0.0,1.0
77,pilot_selected,legacy,0.5131994804561487,6,3,0,3,0,1.0,1.0,0.0,1.0,1.0,1.0,0.0,1.0
77,pilot_selected,negative_max,0.4832955489176946,6,3,1,2,0,0.75,1.0,0.3333333333333333,0.8571428571428571,0.8333333333333334,1.0,0.0,1.0
77,pilot_selected,separating_midpoint,0.49824751468692163,6,3,1,2,0,0.75,1.0,0.3333333333333333,0.8571428571428571,0.8333333333333334,1.0,0.0,1.0
77,length_only,legacy,0.6366003617326448,6,2,0,3,1,1.0,0.6666666666666666,0.0,0.8,0.8333333333333334,1.0,0.33333333333333337,1.0
77,length_only,negative_max,0.6329280511167803,6,2,0,3,1,1.0,0.6666666666666666,0.0,0.8,0.8333333333333334,1.0,0.33333333333333337,1.0
77,length_only,separating_midpoint,0.6366003617326448,6,2,0,3,1,1.0,0.6666666666666666,0.0,0.8,0.8333333333333334,1.0,0.33333333333333337,1.0
77,repetition_only,legacy,1.0000000000000002,6,0,0,3,3,,0.0,0.0,0.0,0.5,0.8333333333333334,1.0,1.0
77,repetition_only,negative_max,0.6396724421503344,6,0,0,3,3,,0.0,0.0,0.0,0.5,0.8333333333333334,1.0,1.0
77,repetition_only,separating_midpoint,1.0000000000000002,6,0,0,3,3,,0.0,0.0,0.0,0.5,0.8333333333333334,1.0,1.0
77,without_repetition,legacy,0.7410079157195687,6,3,0,3,0,1.0,1.0,0.0,1.0,1.0,1.0,0.0,1.0
77,without_repetition,negative_max,0.1758596841972831,6,3,1,2,0,0.75,1.0,0.3333333333333333,0.8571428571428571,0.8333333333333334,1.0,0.0,1.0
77,without_repetition,separating_midpoint,0.45843379995842587,6,3,0,3,0,1.0,1.0,0.0,1.0,1.0,1.0,0.0,1.0
78,original,legacy,0.8662051365519601,6,3,0,3,0,1.0,1.0,0.0,1.0,1.0,1.0,0.0,1.0
78,original,negative_max,0.4758467031872279,6,3,2,1,0,0.6,1.0,0.6666666666666666,0.75,0.6666666666666666,1.0,0.0,1.0
78,original,separating_midpoint,0.6710259198695939,6,3,1,2,0,0.75,1.0,0.3333333333333333,0.8571428571428571,0.8333333333333334,1.0,0.0,1.0
78,pilot_selected,legacy,0.5174458987306356,6,3,0,3,0,1.0,1.0,0.0,1.0,1.0,1.0,0.0,1.0
78,pilot_selected,negative_max,0.4906304865688346,6,3,2,1,0,0.6,1.0,0.6666666666666666,0.75,0.6666666666666666,1.0,0.0,1.0
78,pilot_selected,separating_midpoint,0.504038192649735,6,3,0,3,0,1.0,1.0,0.0,1.0,1.0,1.0,0.0,1.0
78,length_only,legacy,1.0000000000000002,6,0,0,3,3,,0.0,0.0,0.0,0.5,0.3333333333333333,1.0,1.0
78,length_only,negative_max,0.8270600011029227,6,0,1,2,3,0.0,0.0,0.3333333333333333,0.0,0.3333333333333333,0.3333333333333333,1.0,1.0
78,length_only,separating_midpoint,1.0000000000000002,6,0,0,3,3,,0.0,0.0,0.0,0.5,0.3333333333333333,1.0,1.0
78,repetition_only,legacy,1.0000000000000002,6,0,0,3,3,,0.0,0.0,0.0,0.5,1.0,1.0,1.0
78,repetition_only,negative_max,0.5922518536768993,6,0,0,3,3,,0.0,0.0,0.0,0.5,1.0,1.0,1.0
78,repetition_only,separating_midpoint,1.0000000000000002,6,0,0,3,3,,0.0,0.0,0.0,0.5,1.0,1.0,1.0
78,without_repetition,legacy,0.864358990515075,6,3,0,3,0,1.0,1.0,0.0,1.0,1.0,1.0,0.0,1.0
78,without_repetition,negative_max,0.4630790831554377,6,3,2,1,0,0.6,1.0,0.6666666666666666,0.75,0.6666666666666666,1.0,0.0,1.0
78,without_repetition,separating_midpoint,0.6637190368352563,6,3,1,2,0,0.75,1.0,0.3333333333333333,0.8571428571428571,0.8333333333333334,1.0,0.0,1.0
79,original,legacy,0.8261225850635164,6,3,0,3,0,1.0,1.0,0.0,1.0,1.0,1.0,0.0,1.0
79,original,negative_max,0.3800619675824112,6,3,0,3,0,1.0,1.0,0.0,1.0,1.0,1.0,0.0,1.0
79,original,separating_midpoint,0.6030922763229638,6,3,0,3,0,1.0,1.0,0.0,1.0,1.0,1.0,0.0,1.0
79,pilot_selected,legacy,0.5151451198326844,6,2,0,3,1,1.0,0.6666666666666666,0.0,0.8,0.8333333333333334,1.0,0.33333333333333337,1.0
79,pilot_selected,negative_max,0.4981707661234863,6,3,0,3,0,1.0,1.0,0.0,1.0,1.0,1.0,0.0,1.0
79,pilot_selected,separating_midpoint,0.5066579429780853,6,3,0,3,0,1.0,1.0,0.0,1.0,1.0,1.0,0.0,1.0
79,length_only,legacy,0.770378240126308,6,0,0,3,3,,0.0,0.0,0.0,0.5,1.0,1.0,1.0
79,length_only,negative_max,0.764558845501109,6,0,0,3,3,,0.0,0.0,0.0,0.5,1.0,1.0,1.0
79,length_only,separating_midpoint,0.770378240126308,6,0,0,3,3,,0.0,0.0,0.0,0.5,1.0,1.0,1.0
79,repetition_only,legacy,0.5526428209422246,6,3,1,2,0,0.75,1.0,0.3333333333333333,0.8571428571428571,0.8333333333333334,0.8333333333333334,0.0,1.0
79,repetition_only,negative_max,0.5057406040428412,6,3,1,2,0,0.75,1.0,0.3333333333333333,0.8571428571428571,0.8333333333333334,0.8333333333333334,0.0,1.0
79,repetition_only,separating_midpoint,0.5291917124925328,6,3,1,2,0,0.75,1.0,0.3333333333333333,0.8571428571428571,0.8333333333333334,0.8333333333333334,0.0,1.0
79,without_repetition,legacy,0.8208417622651242,6,3,0,3,0,1.0,1.0,0.0,1.0,1.0,1.0,0.0,1.0
79,without_repetition,negative_max,0.384795381370161,6,3,0,3,0,1.0,1.0,0.0,1.0,1.0,1.0,0.0,1.0
79,without_repetition,separating_midpoint,0.6028185718176425,6,3,0,3,0,1.0,1.0,0.0,1.0,1.0,1.0,0.0,1.0
80,original,legacy,0.874244892577044,6,2,0,3,1,1.0,0.6666666666666666,0.0,0.8,0.8333333333333334,1.0,0.33333333333333337,1.0
80,original,negative_max,0.09854812119727584,6,3,2,1,0,0.6,1.0,0.6666666666666666,0.75,0.6666666666666666,1.0,0.0,1.0
80,original,separating_midpoint,0.4863965068871599,6,3,0,3,0,1.0,1.0,0.0,1.0,1.0,1.0,0.0,1.0
80,pilot_selected,legacy,0.5181746148422587,6,2,0,3,1,1.0,0.6666666666666666,0.0,0.8,0.8333333333333334,1.0,0.33333333333333337,1.0
80,pilot_selected,negative_max,0.47673612776328755,6,3,3,0,0,0.5,1.0,1.0,0.6666666666666666,0.5,1.0,0.0,1.0
80,pilot_selected,separating_midpoint,0.49745537130277306,6,3,0,3,0,1.0,1.0,0.0,1.0,1.0,1.0,0.0,1.0
80,length_only,legacy,1.0000000000000002,6,0,0,3,3,,0.0,0.0,0.0,0.5,0.3333333333333333,1.0,1.0
80,length_only,negative_max,0.7338304871757944,6,1,2,1,2,0.3333333333333333,0.3333333333333333,0.6666666666666666,0.3333333333333333,0.3333333333333333,0.3333333333333333,0.6666666666666667,1.0
80,length_only,separating_midpoint,1.0000000000000002,6,0,0,3,3,,0.0,0.0,0.0,0.5,0.3333333333333333,1.0,1.0
80,repetition_only,legacy,1.0000000000000002,6,0,0,3,3,,0.0,0.0,0.0,0.5,0.8333333333333334,1.0,1.0
80,repetition_only,negative_max,0.5683765393277135,6,0,0,3,3,,0.0,0.0,0.0,0.5,0.8333333333333334,1.0,1.0
80,repetition_only,separating_midpoint,1.0000000000000002,6,0,0,3,3,,0.0,0.0,0.0,0.5,0.8333333333333334,1.0,1.0
80,without_repetition,legacy,0.8730991842599858,6,2,0,3,1,1.0,0.6666666666666666,0.0,0.8,0.8333333333333334,1.0,0.33333333333333337,1.0
80,without_repetition,negative_max,0.09193661746206724,6,3,2,1,0,0.6,1.0,0.6666666666666666,0.75,0.6666666666666666,1.0,0.0,1.0
80,without_repetition,separating_midpoint,0.4825179008610265,6,3,0,3,0,1.0,1.0,0.0,1.0,1.0,1.0,0.0,1.0
81,original,legacy,0.7246392594186689,6,3,0,3,0,1.0,1.0,0.0,1.0,1.0,1.0,0.0,1.0
81,original,negative_max,0.28460785336891853,6,3,0,3,0,1.0,1.0,0.0,1.0,1.0,1.0,0.0,1.0
81,original,separating_midpoint,0.5046235563937937,6,3,0,3,0,1.0,1.0,0.0,1.0,1.0,1.0,0.0,1.0
81,pilot_selected,legacy,0.5106959152430092,6,3,0,3,0,1.0,1.0,0.0,1.0,1.0,1.0,0.0,1.0
81,pilot_selected,negative_max,0.49796169731637724,6,3,0,3,0,1.0,1.0,0.0,1.0,1.0,1.0,0.0,1.0
81,pilot_selected,separating_midpoint,0.5043288062796931,6,3,0,3,0,1.0,1.0,0.0,1.0,1.0,1.0,0.0,1.0
81,length_only,legacy,0.8255877581194184,6,0,0,3,3,,0.0,0.0,0.0,0.5,1.0,1.0,1.0
81,length_only,negative_max,0.8065288388273054,6,0,0,3,3,,0.0,0.0,0.0,0.5,1.0,1.0,1.0
81,length_only,separating_midpoint,0.8255877581194184,6,0,0,3,3,,0.0,0.0,0.0,0.5,1.0,1.0,1.0
81,repetition_only,legacy,1.0000000000000002,6,0,0,3,3,,0.0,0.0,0.0,0.5,0.8333333333333334,1.0,1.0
81,repetition_only,negative_max,0.6199479491128786,6,0,0,3,3,,0.0,0.0,0.0,0.5,0.8333333333333334,1.0,1.0
81,repetition_only,separating_midpoint,1.0000000000000002,6,0,0,3,3,,0.0,0.0,0.0,0.5,0.8333333333333334,1.0,1.0
81,without_repetition,legacy,0.7068900046528984,6,3,0,3,0,1.0,1.0,0.0,1.0,1.0,1.0,0.0,1.0
81,without_repetition,negative_max,0.30456382544056465,6,3,0,3,0,1.0,1.0,0.0,1.0,1.0,1.0,0.0,1.0
81,without_repetition,separating_midpoint,0.5057269150467315,6,3,0,3,0,1.0,1.0,0.0,1.0,1.0,1.0,0.0,1.0
82,original,legacy,0.8570454045845846,6,3,0,3,0,1.0,1.0,0.0,1.0,1.0,1.0,0.0,1.0
82,original,negative_max,0.28153491258189844,6,3,1,2,0,0.75,1.0,0.3333333333333333,0.8571428571428571,0.8333333333333334,1.0,0.0,1.0
82,original,separating_midpoint,0.5692901585832415,6,3,0,3,0,1.0,1.0,0.0,1.0,1.0,1.0,0.0,1.0
82,pilot_selected,legacy,0.5220407276054905,6,3,0,3,0,1.0,1.0,0.0,1.0,1.0,1.0,0.0,1.0
82,pilot_selected,negative_max,0.47932697254535034,6,3,1,2,0,0.75,1.0,0.3333333333333333,0.8571428571428571,0.8333333333333334,1.0,0.0,1.0
82,pilot_selected,separating_midpoint,0.5006838500754204,6,3,1,2,0,0.75,1.0,0.3333333333333333,0.8571428571428571,0.8333333333333334,1.0,0.0,1.0
82,length_only,legacy,0.711011249744973,6,1,0,3,2,1.0,0.3333333333333333,0.0,0.5,0.6666666666666666,1.0,0.6666666666666667,1.0
82,length_only,negative_max,0.7050549480190537,6,2,0,3,1,1.0,0.6666666666666666,0.0,0.8,0.8333333333333334,1.0,0.33333333333333337,1.0
82,length_only,separating_midpoint,0.711011249744973,6,1,0,3,2,1.0,0.3333333333333333,0.0,0.5,0.6666666666666666,1.0,0.6666666666666667,1.0
82,repetition_only,legacy,1.0000000000000002,6,0,0,3,3,,0.0,0.0,0.0,0.5,1.0,1.0,1.0
82,repetition_only,negative_max,0.5734907945278207,6,0,0,3,3,,0.0,0.0,0.0,0.5,1.0,1.0,1.0
82,repetition_only,separating_midpoint,1.0000000000000002,6,0,0,3,3,,0.0,0.0,0.0,0.5,1.0,1.0,1.0
82,without_repetition,legacy,0.8523051870986467,6,3,0,3,0,1.0,1.0,0.0,1.0,1.0,1.0,0.0,1.0
82,without_repetition,negative_max,0.32345667576132436,6,3,1,2,0,0.75,1.0,0.3333333333333333,0.8571428571428571,0.8333333333333334,1.0,0.0,1.0
82,without_repetition,separating_midpoint,0.5878809314299855,6,3,0,3,0,1.0,1.0,0.0,1.0,1.0,1.0,0.0,1.0
83,original,legacy,0.7438943313032965,6,3,0,3,0,1.0,1.0,0.0,1.0,1.0,1.0,0.0,1.0
83,original,negative_max,0.32372787886914306,6,3,0,3,0,1.0,1.0,0.0,1.0,1.0,1.0,0.0,1.0
83,original,separating_midpoint,0.5338111050862198,6,3,0,3,0,1.0,1.0,0.0,1.0,1.0,1.0,0.0,1.0
83,pilot_selected,legacy,0.5114278093296354,6,3,0,3,0,1.0,1.0,0.0,1.0,1.0,1.0,0.0,1.0
83,pilot_selected,negative_max,0.4956162428904025,6,3,0,3,0,1.0,1.0,0.0,1.0,1.0,1.0,0.0,1.0
83,pilot_selected,separating_midpoint,0.503522026110019,6,3,0,3,0,1.0,1.0,0.0,1.0,1.0,1.0,0.0,1.0
83,length_only,legacy,0.7223512831360605,6,0,0,3,3,,0.0,0.0,0.0,0.5,1.0,1.0,1.0
83,length_only,negative_max,0.650700026697692,6,2,0,3,1,1.0,0.6666666666666666,0.0,0.8,0.8333333333333334,1.0,0.33333333333333337,1.0
83,length_only,separating_midpoint,0.7223512831360605,6,0,0,3,3,,0.0,0.0,0.0,0.5,1.0,1.0,1.0
83,repetition_only,legacy,1.0000000000000002,6,0,0,3,3,,0.0,0.0,0.0,0.5,1.0,1.0,1.0
83,repetition_only,negative_max,0.5771931286668633,6,0,0,3,3,,0.0,0.0,0.0,0.5,1.0,1.0,1.0
83,repetition_only,separating_midpoint,1.0000000000000002,6,0,0,3,3,,0.0,0.0,0.0,0.5,1.0,1.0,1.0
83,without_repetition,legacy,0.7321409573131503,6,3,0,3,0,1.0,1.0,0.0,1.0,1.0,1.0,0.0,1.0
83,without_repetition,negative_max,0.3781099213974112,6,3,0,3,0,1.0,1.0,0.0,1.0,1.0,1.0,0.0,1.0
83,without_repetition,separating_midpoint,0.5551254393552807,6,3,0,3,0,1.0,1.0,0.0,1.0,1.0,1.0,0.0,1.0
84,original,legacy,0.8290776632400263,6,2,0,3,1,1.0,0.6666666666666666,0.0,0.8,0.8333333333333334,1.0,0.33333333333333337,1.0
84,original,negative_max,0.10889259130326574,6,3,2,1,0,0.6,1.0,0.6666666666666666,0.75,0.6666666666666666,1.0,0.0,1.0
84,original,separating_midpoint,0.468985127271646,6,3,0,3,0,1.0,1.0,0.0,1.0,1.0,1.0,0.0,1.0
84,pilot_selected,legacy,0.5147852971446475,6,3,0,3,0,1.0,1.0,0.0,1.0,1.0,1.0,0.0,1.0
84,pilot_selected,negative_max,0.48249299589717615,6,3,1,2,0,0.75,1.0,0.3333333333333333,0.8571428571428571,0.8333333333333334,1.0,0.0,1.0
84,pilot_selected,separating_midpoint,0.4986391465209118,6,3,0,3,0,1.0,1.0,0.0,1.0,1.0,1.0,0.0,1.0
84,length_only,legacy,0.7171050497465549,6,0,0,3,3,,0.0,0.0,0.0,0.5,0.5555555555555556,1.0,1.0
84,length_only,negative_max,0.49395540276511607,6,3,3,0,0,0.5,1.0,1.0,0.6666666666666666,0.5,0.5555555555555556,0.0,1.0
84,length_only,separating_midpoint,0.6055302262558354,6,3,2,1,0,0.6,1.0,0.6666666666666666,0.75,0.6666666666666666,0.5555555555555556,0.0,1.0
84,repetition_only,legacy,1.0000000000000002,6,0,0,3,3,,0.0,0.0,0.0,0.5,1.0,1.0,1.0
84,repetition_only,negative_max,0.5667697806491874,6,0,0,3,3,,0.0,0.0,0.0,0.5,1.0,1.0,1.0
84,repetition_only,separating_midpoint,1.0000000000000002,6,0,0,3,3,,0.0,0.0,0.0,0.5,1.0,1.0,1.0
84,without_repetition,legacy,0.8292549198465986,6,2,0,3,1,1.0,0.6666666666666666,0.0,0.8,0.8333333333333334,1.0,0.33333333333333337,1.0
84,without_repetition,negative_max,0.09964250705882632,6,3,2,1,0,0.6,1.0,0.6666666666666666,0.75,0.6666666666666666,1.0,0.0,1.0
84,without_repetition,separating_midpoint,0.46444871345271244,6,3,0,3,0,1.0,1.0,0.0,1.0,1.0,1.0,0.0,1.0
85,original,legacy,0.8509489529081923,6,2,0,3,1,1.0,0.6666666666666666,0.0,0.8,0.8333333333333334,1.0,0.33333333333333337,1.0
85,original,negative_max,0.14824473472450816,6,3,1,2,0,0.75,1.0,0.3333333333333333,0.8571428571428571,0.8333333333333334,1.0,0.0,1.0
85,original,separating_midpoint,0.4995968438163502,6,3,0,3,0,1.0,1.0,0.0,1.0,1.0,1.0,0.0,1.0
85,pilot_selected,legacy,0.5146801676472017,6,3,0,3,0,1.0,1.0,0.0,1.0,1.0,1.0,0.0,1.0
85,pilot_selected,negative_max,0.48272330342460407,6,3,0,3,0,1.0,1.0,0.0,1.0,1.0,1.0,0.0,1.0
85,pilot_selected,separating_midpoint,0.49870173553590286,6,3,0,3,0,1.0,1.0,0.0,1.0,1.0,1.0,0.0,1.0
85,length_only,legacy,0.6536238210097499,6,1,1,2,2,0.5,0.3333333333333333,0.3333333333333333,0.4,0.5,0.6666666666666666,0.6666666666666667,1.0
85,length_only,negative_max,0.3349824019655568,6,3,1,2,0,0.75,1.0,0.3333333333333333,0.8571428571428571,0.8333333333333334,0.6666666666666666,0.0,1.0
85,length_only,separating_midpoint,0.4943031114876533,6,3,1,2,0,0.75,1.0,0.3333333333333333,0.8571428571428571,0.8333333333333334,0.6666666666666666,0.0,1.0
85,repetition_only,legacy,1.0000000000000002,6,0,0,3,3,,0.0,0.0,0.0,0.5,1.0,1.0,1.0
85,repetition_only,negative_max,0.5872913599284867,6,0,0,3,3,,0.0,0.0,0.0,0.5,1.0,1.0,1.0
85,repetition_only,separating_midpoint,1.0000000000000002,6,0,0,3,3,,0.0,0.0,0.0,0.5,1.0,1.0,1.0
85,without_repetition,legacy,0.8440570162886701,6,2,0,3,1,1.0,0.6666666666666666,0.0,0.8,0.8333333333333334,1.0,0.33333333333333337,1.0
85,without_repetition,negative_max,0.14696619230381952,6,3,1,2,0,0.75,1.0,0.3333333333333333,0.8571428571428571,0.8333333333333334,1.0,0.0,1.0
85,without_repetition,separating_midpoint,0.4955116042962448,6,3,0,3,0,1.0,1.0,0.0,1.0,1.0,1.0,0.0,1.0
86,original,legacy,0.849258902218607,6,3,0,3,0,1.0,1.0,0.0,1.0,1.0,1.0,0.0,1.0
86,original,negative_max,0.2454045731585345,6,3,1,2,0,0.75,1.0,0.3333333333333333,0.8571428571428571,0.8333333333333334,1.0,0.0,1.0
86,original,separating_midpoint,0.5473317376885707,6,3,0,3,0,1.0,1.0,0.0,1.0,1.0,1.0,0.0,1.0
86,pilot_selected,legacy,0.5214274700108911,6,3,0,3,0,1.0,1.0,0.0,1.0,1.0,1.0,0.0,1.0
86,pilot_selected,negative_max,0.4999302356404196,6,3,0,3,0,1.0,1.0,0.0,1.0,1.0,1.0,0.0,1.0
86,pilot_selected,separating_midpoint,0.5106788528256553,6,3,0,3,0,1.0,1.0,0.0,1.0,1.0,1.0,0.0,1.0
86,length_only,legacy,0.5590755057214062,6,3,0,3,0,1.0,1.0,0.0,1.0,1.0,1.0,0.0,1.0
86,length_only,negative_max,0.3467052417656015,6,3,1,2,0,0.75,1.0,0.3333333333333333,0.8571428571428571,0.8333333333333334,1.0,0.0,1.0
86,length_only,separating_midpoint,0.4528903737435038,6,3,0,3,0,1.0,1.0,0.0,1.0,1.0,1.0,0.0,1.0
86,repetition_only,legacy,1.0000000000000002,6,0,0,3,3,,0.0,0.0,0.0,0.5,1.0,1.0,1.0
86,repetition_only,negative_max,0.5898360401907784,6,0,0,3,3,,0.0,0.0,0.0,0.5,1.0,1.0,1.0
86,repetition_only,separating_midpoint,1.0000000000000002,6,0,0,3,3,,0.0,0.0,0.0,0.5,1.0,1.0,1.0
86,without_repetition,legacy,0.8499235363537038,6,3,0,3,0,1.0,1.0,0.0,1.0,1.0,1.0,0.0,1.0
86,without_repetition,negative_max,0.225998283870872,6,3,1,2,0,0.75,1.0,0.3333333333333333,0.8571428571428571,0.8333333333333334,1.0,0.0,1.0
86,without_repetition,separating_midpoint,0.5379609101122879,6,3,0,3,0,1.0,1.0,0.0,1.0,1.0,1.0,0.0,1.0
87,original,legacy,0.8148738669999352,6,3,0,3,0,1.0,1.0,0.0,1.0,1.0,1.0,0.0,1.0
87,original,negative_max,0.2755295284886562,6,3,0,3,0,1.0,1.0,0.0,1.0,1.0,1.0,0.0,1.0
87,original,separating_midpoint,0.5452016977442957,6,3,0,3,0,1.0,1.0,0.0,1.0,1.0,1.0,0.0,1.0
87,pilot_selected,legacy,0.5175193535858961,6,3,0,3,0,1.0,1.0,0.0,1.0,1.0,1.0,0.0,1.0
87,pilot_selected,negative_max,0.4802183585633766,6,3,0,3,0,1.0,1.0,0.0,1.0,1.0,1.0,0.0,1.0
87,pilot_selected,separating_midpoint,0.49886885607463627,6,3,0,3,0,1.0,1.0,0.0,1.0,1.0,1.0,0.0,1.0
87,length_only,legacy,0.6691311892081504,6,0,0,3,3,,0.0,0.0,0.0,0.5,1.0,1.0,1.0
87,length_only,negative_max,0.6494054564148667,6,0,0,3,3,,0.0,0.0,0.0,0.5,1.0,1.0,1.0
87,length_only,separating_midpoint,0.6691311892081504,6,0,0,3,3,,0.0,0.0,0.0,0.5,1.0,1.0,1.0
87,repetition_only,legacy,0.5476034668535265,6,3,0,3,0,1.0,1.0,0.0,1.0,1.0,1.0,0.0,1.0
87,repetition_only,negative_max,0.3955119070814457,6,3,2,1,0,0.6,1.0,0.6666666666666666,0.75,0.6666666666666666,1.0,0.0,1.0
87,repetition_only,separating_midpoint,0.471557686967486,6,3,0,3,0,1.0,1.0,0.0,1.0,1.0,1.0,0.0,1.0
87,without_repetition,legacy,0.8060089971079464,6,3,0,3,0,1.0,1.0,0.0,1.0,1.0,1.0,0.0,1.0
87,without_repetition,negative_max,0.30543971293444644,6,3,0,3,0,1.0,1.0,0.0,1.0,1.0,1.0,0.0,1.0
87,without_repetition,separating_midpoint,0.5557243550211963,6,3,0,3,0,1.0,1.0,0.0,1.0,1.0,1.0,0.0,1.0
88,original,legacy,0.8612511929961293,6,3,0,3,0,1.0,1.0,0.0,1.0,1.0,1.0,0.0,1.0
88,original,negative_max,0.4761967044553423,6,3,0,3,0,1.0,1.0,0.0,1.0,1.0,1.0,0.0,1.0
88,original,separating_midpoint,0.6687239487257357,6,3,0,3,0,1.0,1.0,0.0,1.0,1.0,1.0,0.0,1.0
88,pilot_selected,legacy,0.5241614231901385,6,3,0,3,0,1.0,1.0,0.0,1.0,1.0,1.0,0.0,1.0
88,pilot_selected,negative_max,0.5039412811165701,6,3,0,3,0,1.0,1.0,0.0,1.0,1.0,1.0,0.0,1.0
88,pilot_selected,separating_midpoint,0.5140513521533543,6,3,0,3,0,1.0,1.0,0.0,1.0,1.0,1.0,0.0,1.0
88,length_only,legacy,0.6216450371733874,6,0,0,3,3,,0.0,0.0,0.0,0.5,1.0,1.0,1.0
88,length_only,negative_max,0.3890680317405667,6,3,1,2,0,0.75,1.0,0.3333333333333333,0.8571428571428571,0.8333333333333334,1.0,0.0,1.0
88,length_only,separating_midpoint,0.505356534456977,6,3,0,3,0,1.0,1.0,0.0,1.0,1.0,1.0,0.0,1.0
88,repetition_only,legacy,1.0000000000000002,6,0,0,3,3,,0.0,0.0,0.0,0.5,1.0,1.0,1.0
88,repetition_only,negative_max,0.6171214985856731,6,0,0,3,3,,0.0,0.0,0.0,0.5,1.0,1.0,1.0
88,repetition_only,separating_midpoint,1.0000000000000002,6,0,0,3,3,,0.0,0.0,0.0,0.5,1.0,1.0,1.0
88,without_repetition,legacy,0.8660490349718525,6,3,0,3,0,1.0,1.0,0.0,1.0,1.0,1.0,0.0,1.0
88,without_repetition,negative_max,0.505107390481402,6,3,0,3,0,1.0,1.0,0.0,1.0,1.0,1.0,0.0,1.0
88,without_repetition,separating_midpoint,0.6855782127266272,6,3,0,3,0,1.0,1.0,0.0,1.0,1.0,1.0,0.0,1.0
89,original,legacy,0.6677388352588582,6,3,0,3,0,1.0,1.0,0.0,1.0,1.0,1.0,0.0,1.0
89,original,negative_max,0.4271976476533984,6,3,0,3,0,1.0,1.0,0.0,1.0,1.0,1.0,0.0,1.0
89,original,separating_midpoint,0.5474682414561283,6,3,0,3,0,1.0,1.0,0.0,1.0,1.0,1.0,0.0,1.0
89,pilot_selected,legacy,0.5061935636187826,6,3,0,3,0,1.0,1.0,0.0,1.0,1.0,1.0,0.0,1.0
89,pilot_selected,negative_max,0.49169344580864016,6,3,0,3,0,1.0,1.0,0.0,1.0,1.0,1.0,0.0,1.0
89,pilot_selected,separating_midpoint,0.4989435047137114,6,3,0,3,0,1.0,1.0,0.0,1.0,1.0,1.0,0.0,1.0
89,length_only,legacy,1.0000000000000002,6,0,0,3,3,,0.0,0.0,0.0,0.5,0.5555555555555556,1.0,1.0
89,length_only,negative_max,0.7883558302569553,6,0,1,2,3,0.0,0.0,0.3333333333333333,0.0,0.3333333333333333,0.5555555555555556,1.0,1.0
89,length_only,separating_midpoint,1.0000000000000002,6,0,0,3,3,,0.0,0.0,0.0,0.5,0.5555555555555556,1.0,1.0
89,repetition_only,legacy,1.0000000000000002,6,0,0,3,3,,0.0,0.0,0.0,0.5,1.0,1.0,1.0
89,repetition_only,negative_max,0.5880360791810679,6,0,0,3,3,,0.0,0.0,0.0,0.5,1.0,1.0,1.0
89,repetition_only,separating_midpoint,1.0000000000000002,6,0,0,3,3,,0.0,0.0,0.0,0.5,1.0,1.0,1.0
89,without_repetition,legacy,0.6361302015167835,6,3,0,3,0,1.0,1.0,0.0,1.0,1.0,1.0,0.0,1.0
89,without_repetition,negative_max,0.4234161701315223,6,3,0,3,0,1.0,1.0,0.0,1.0,1.0,1.0,0.0,1.0
89,without_repetition,separating_midpoint,0.5297731858241528,6,3,0,3,0,1.0,1.0,0.0,1.0,1.0,1.0,0.0,1.0
90,original,legacy,0.9508800848385227,6,2,0,3,1,1.0,0.6666666666666666,0.0,0.8,0.8333333333333334,1.0,0.33333333333333337,1.0
90,original,negative_max,0.4265452216319236,6,3,0,3,0,1.0,1.0,0.0,1.0,1.0,1.0,0.0,1.0
90,original,separating_midpoint,0.6887126532352231,6,3,0,3,0,1.0,1.0,0.0,1.0,1.0,1.0,0.0,1.0
90,pilot_selected,legacy,0.5338950793174853,6,2,0,3,1,1.0,0.6666666666666666,0.0,0.8,0.8333333333333334,1.0,0.33333333333333337,1.0
90,pilot_selected,negative_max,0.5016609186611329,6,3,0,3,0,1.0,1.0,0.0,1.0,1.0,1.0,0.0,1.0
90,pilot_selected,separating_midpoint,0.517777998989309,6,3,0,3,0,1.0,1.0,0.0,1.0,1.0,1.0,0.0,1.0
90,length_only,legacy,0.5879134030485885,6,2,0,3,1,1.0,0.6666666666666666,0.0,0.8,0.8333333333333334,1.0,0.33333333333333337,1.0
90,length_only,negative_max,0.4806621435470328,6,3,0,3,0,1.0,1.0,0.0,1.0,1.0,1.0,0.0,1.0
90,length_only,separating_midpoint,0.5342877732978106,6,3,0,3,0,1.0,1.0,0.0,1.0,1.0,1.0,0.0,1.0
90,repetition_only,legacy,1.0000000000000002,6,0,0,3,3,,0.0,0.0,0.0,0.5,1.0,1.0,1.0
90,repetition_only,negative_max,0.5898360401907784,6,0,0,3,3,,0.0,0.0,0.0,0.5,1.0,1.0,1.0
90,repetition_only,separating_midpoint,1.0000000000000002,6,0,0,3,3,,0.0,0.0,0.0,0.5,1.0,1.0,1.0
90,without_repetition,legacy,0.9505442192219521,6,2,0,3,1,1.0,0.6666666666666666,0.0,0.8,0.8333333333333334,1.0,0.33333333333333337,1.0
90,without_repetition,negative_max,0.45968406839738163,6,3,0,3,0,1.0,1.0,0.0,1.0,1.0,1.0,0.0,1.0
90,without_repetition,separating_midpoint,0.7051141438096669,6,3,0,3,0,1.0,1.0,0.0,1.0,1.0,1.0,0.0,1.0
91,original,legacy,0.722021076573621,6,3,0,3,0,1.0,1.0,0.0,1.0,1.0,1.0,0.0,1.0
91,original,negative_max,0.4348963834744469,6,3,0,3,0,1.0,1.0,0.0,1.0,1.0,1.0,0.0,1.0
91,original,separating_midpoint,0.5784587300240339,6,3,0,3,0,1.0,1.0,0.0,1.0,1.0,1.0,0.0,1.0
91,pilot_selected,legacy,0.510325883890158,6,3,0,3,0,1.0,1.0,0.0,1.0,1.0,1.0,0.0,1.0
91,pilot_selected,negative_max,0.4843534505062714,6,3,0,3,0,1.0,1.0,0.0,1.0,1.0,1.0,0.0,1.0
91,pilot_selected,separating_midpoint,0.49733966719821465,6,3,0,3,0,1.0,1.0,0.0,1.0,1.0,1.0,0.0,1.0
91,length_only,legacy,1.0000000000000002,6,0,0,3,3,,0.0,0.0,0.0,0.5,1.0,1.0,1.0
91,length_only,negative_max,0.8233230948089846,6,0,0,3,3,,0.0,0.0,0.0,0.5,1.0,1.0,1.0
91,length_only,separating_midpoint,1.0000000000000002,6,0,0,3,3,,0.0,0.0,0.0,0.5,1.0,1.0,1.0
91,repetition_only,legacy,1.0000000000000002,6,0,0,3,3,,0.0,0.0,0.0,0.5,1.0,1.0,1.0
91,repetition_only,negative_max,0.6134698679941868,6,0,0,3,3,,0.0,0.0,0.0,0.5,1.0,1.0,1.0
91,repetition_only,separating_midpoint,1.0000000000000002,6,0,0,3,3,,0.0,0.0,0.0,0.5,1.0,1.0,1.0
91,without_repetition,legacy,0.6718332134036072,6,3,0,3,0,1.0,1.0,0.0,1.0,1.0,1.0,0.0,1.0
91,without_repetition,negative_max,0.40941650327104206,6,3,0,3,0,1.0,1.0,0.0,1.0,1.0,1.0,0.0,1.0
91,without_repetition,separating_midpoint,0.5406248583373247,6,3,0,3,0,1.0,1.0,0.0,1.0,1.0,1.0,0.0,1.0
92,original,legacy,0.8257845509514469,6,3,0,3,0,1.0,1.0,0.0,1.0,1.0,1.0,0.0,1.0
92,original,negative_max,0.19376328107884355,6,3,3,0,0,0.5,1.0,1.0,0.6666666666666666,0.5,1.0,0.0,1.0
92,original,separating_midpoint,0.5097739160151452,6,3,0,3,0,1.0,1.0,0.0,1.0,1.0,1.0,0.0,1.0
92,pilot_selected,legacy,0.5156588675742197,6,3,0,3,0,1.0,1.0,0.0,1.0,1.0,1.0,0.0,1.0
92,pilot_selected,negative_max,0.48523200562154195,6,3,3,0,0,0.5,1.0,1.0,0.6666666666666666,0.5,1.0,0.0,1.0
92,pilot_selected,separating_midpoint,0.5004454365978808,6,3,1,2,0,0.75,1.0,0.3333333333333333,0.8571428571428571,0.8333333333333334,1.0,0.0,1.0
92,length_only,legacy,0.6571443354017037,6,2,1,2,1,0.6666666666666666,0.6666666666666666,0.3333333333333333,0.6666666666666666,0.6666666666666666,0.8888888888888888,0.33333333333333337,1.0
92,length_only,negative_max,0.45532302198156066,6,3,1,2,0,0.75,1.0,0.3333333333333333,0.8571428571428571,0.8333333333333334,0.8888888888888888,0.0,1.0
92,length_only,separating_midpoint,0.5562336786916322,6,3,1,2,0,0.75,1.0,0.3333333333333333,0.8571428571428571,0.8333333333333334,0.8888888888888888,0.0,1.0
92,repetition_only,legacy,1.0000000000000002,6,0,0,3,3,,0.0,0.0,0.0,0.5,0.8333333333333334,1.0,1.0
92,repetition_only,negative_max,0.5835439102222542,6,0,0,3,3,,0.0,0.0,0.0,0.5,0.8333333333333334,1.0,1.0
92,repetition_only,separating_midpoint,1.0000000000000002,6,0,0,3,3,,0.0,0.0,0.0,0.5,0.8333333333333334,1.0,1.0
92,without_repetition,legacy,0.8265052713728208,6,2,0,3,1,1.0,0.6666666666666666,0.0,0.8,0.8333333333333334,1.0,0.33333333333333337,1.0
92,without_repetition,negative_max,0.18213432213878064,6,3,3,0,0,0.5,1.0,1.0,0.6666666666666666,0.5,1.0,0.0,1.0
92,without_repetition,separating_midpoint,0.5043197967558007,6,3,0,3,0,1.0,1.0,0.0,1.0,1.0,1.0,0.0,1.0
93,original,legacy,0.5783470947015039,6,3,0,3,0,1.0,1.0,0.0,1.0,1.0,1.0,0.0,1.0
93,original,negative_max,0.3142993567349286,6,3,0,3,0,1.0,1.0,0.0,1.0,1.0,1.0,0.0,1.0
93,original,separating_midpoint,0.44632322571821625,6,3,0,3,0,1.0,1.0,0.0,1.0,1.0,1.0,0.0,1.0
93,pilot_selected,legacy,0.5093943965947257,6,3,0,3,0,1.0,1.0,0.0,1.0,1.0,1.0,0.0,1.0
93,pilot_selected,negative_max,0.50071386017499,6,3,0,3,0,1.0,1.0,0.0,1.0,1.0,1.0,0.0,1.0
93,pilot_selected,separating_midpoint,0.5050541283848577,6,3,0,3,0,1.0,1.0,0.0,1.0,1.0,1.0,0.0,1.0
93,length_only,legacy,1.0000000000000002,6,0,0,3,3,,0.0,0.0,0.0,0.5,0.8888888888888888,1.0,1.0
93,length_only,negative_max,0.7973902313240473,6,0,0,3,3,,0.0,0.0,0.0,0.5,0.8888888888888888,1.0,1.0
93,length_only,separating_midpoint,1.0000000000000002,6,0,0,3,3,,0.0,0.0,0.0,0.5,0.8888888888888888,1.0,1.0
93,repetition_only,legacy,1.0000000000000002,6,0,0,3,3,,0.0,0.0,0.0,0.5,1.0,1.0,1.0
93,repetition_only,negative_max,0.5811849586462555,6,0,0,3,3,,0.0,0.0,0.0,0.5,1.0,1.0,1.0
93,repetition_only,separating_midpoint,1.0000000000000002,6,0,0,3,3,,0.0,0.0,0.0,0.5,1.0,1.0,1.0
93,without_repetition,legacy,0.5714640409490472,6,3,0,3,0,1.0,1.0,0.0,1.0,1.0,1.0,0.0,1.0
93,without_repetition,negative_max,0.3018929736050129,6,3,0,3,0,1.0,1.0,0.0,1.0,1.0,1.0,0.0,1.0
93,without_repetition,separating_midpoint,0.43667850727703006,6,3,0,3,0,1.0,1.0,0.0,1.0,1.0,1.0,0.0,1.0
94,original,legacy,0.8555663666059241,6,1,0,3,2,1.0,0.3333333333333333,0.0,0.5,0.6666666666666666,1.0,0.6666666666666667,1.0
94,original,negative_max,0.36306876090030754,6,3,1,2,0,0.75,1.0,0.3333333333333333,0.8571428571428571,0.8333333333333334,1.0,0.0,1.0
94,original,separating_midpoint,0.6093175637531159,6,3,0,3,0,1.0,1.0,0.0,1.0,1.0,1.0,0.0,1.0
94,pilot_selected,legacy,0.5207055616379396,6,1,0,3,2,1.0,0.3333333333333333,0.0,0.5,0.6666666666666666,1.0,0.6666666666666667,1.0
94,pilot_selected,negative_max,0.4860052714881826,6,3,3,0,0,0.5,1.0,1.0,0.6666666666666666,0.5,1.0,0.0,1.0
94,pilot_selected,separating_midpoint,0.503355416563061,6,3,1,2,0,0.75,1.0,0.3333333333333333,0.8571428571428571,0.8333333333333334,1.0,0.0,1.0
94,length_only,legacy,1.0000000000000002,6,0,0,3,3,,0.0,0.0,0.0,0.5,1.0,1.0,1.0
94,length_only,negative_max,0.7476368784458224,6,1,0,3,2,1.0,0.3333333333333333,0.0,0.5,0.6666666666666666,1.0,0.6666666666666667,1.0
94,length_only,separating_midpoint,1.0000000000000002,6,0,0,3,3,,0.0,0.0,0.0,0.5,1.0,1.0,1.0
94,repetition_only,legacy,1.0000000000000002,6,0,0,3,3,,0.0,0.0,0.0,0.5,0.6666666666666666,1.0,1.0
94,repetition_only,negative_max,0.5946265455311435,6,0,0,3,3,,0.0,0.0,0.0,0.5,0.6666666666666666,1.0,1.0
94,repetition_only,separating_midpoint,1.0000000000000002,6,0,0,3,3,,0.0,0.0,0.0,0.5,0.6666666666666666,1.0,1.0
94,without_repetition,legacy,0.8402541430929453,6,3,0,3,0,1.0,1.0,0.0,1.0,1.0,1.0,0.0,1.0
94,without_repetition,negative_max,0.3694656975564464,6,3,1,2,0,0.75,1.0,0.3333333333333333,0.8571428571428571,0.8333333333333334,1.0,0.0,1.0
94,without_repetition,separating_midpoint,0.6048599203246958,6,3,0,3,0,1.0,1.0,0.0,1.0,1.0,1.0,0.0,1.0
95,original,legacy,0.9272351594559495,6,1,0,3,2,1.0,0.3333333333333333,0.0,0.5,0.6666666666666666,1.0,0.6666666666666667,1.0
95,original,negative_max,0.1777236337028716,6,3,3,0,0,0.5,1.0,1.0,0.6666666666666666,0.5,1.0,0.0,1.0
95,original,separating_midpoint,0.5524793965794105,6,3,0,3,0,1.0,1.0,0.0,1.0,1.0,1.0,0.0,1.0
95,pilot_selected,legacy,0.5279473069530373,6,1,0,3,2,1.0,0.3333333333333333,0.0,0.5,0.6666666666666666,1.0,0.6666666666666667,1.0
95,pilot_selected,negative_max,0.4752764431647866,6,3,3,0,0,0.5,1.0,1.0,0.6666666666666666,0.5,1.0,0.0,1.0
95,pilot_selected,separating_midpoint,0.5016118750589119,6,3,1,2,0,0.75,1.0,0.3333333333333333,0.8571428571428571,0.8333333333333334,1.0,0.0,1.0
95,length_only,legacy,0.6895748637718798,6,1,1,2,2,0.5,0.3333333333333333,0.3333333333333333,0.4,0.5,0.5555555555555556,0.6666666666666667,1.0
95,length_only,negative_max,0.5307568337011402,6,3,2,1,0,0.6,1.0,0.6666666666666666,0.75,0.6666666666666666,0.5555555555555556,0.0,1.0
95,length_only,separating_midpoint,0.61016584873651,6,3,2,1,0,0.6,1.0,0.6666666666666666,0.75,0.6666666666666666,0.5555555555555556,0.0,1.0
95,repetition_only,legacy,1.0000000000000002,6,0,0,3,3,,0.0,0.0,0.0,0.5,0.8333333333333334,1.0,1.0
95,repetition_only,negative_max,0.5902979955331223,6,0,0,3,3,,0.0,0.0,0.0,0.5,0.8333333333333334,1.0,1.0
95,repetition_only,separating_midpoint,1.0000000000000002,6,0,0,3,3,,0.0,0.0,0.0,0.5,0.8333333333333334,1.0,1.0
95,without_repetition,legacy,0.9233557982331809,6,1,0,3,2,1.0,0.3333333333333333,0.0,0.5,0.6666666666666666,1.0,0.6666666666666667,1.0
95,without_repetition,negative_max,0.1726478465680572,6,3,3,0,0,0.5,1.0,1.0,0.6666666666666666,0.5,1.0,0.0,1.0
95,without_repetition,separating_midpoint,0.548001822400619,6,3,0,3,0,1.0,1.0,0.0,1.0,1.0,1.0,0.0,1.0
96,original,legacy,0.748689224873909,6,2,0,3,1,1.0,0.6666666666666666,0.0,0.8,0.8333333333333334,1.0,0.33333333333333337,1.0
96,original,negative_max,0.28028206261375166,6,3,1,2,0,0.75,1.0,0.3333333333333333,0.8571428571428571,0.8333333333333334,1.0,0.0,1.0
96,original,separating_midpoint,0.5144856437438303,6,3,0,3,0,1.0,1.0,0.0,1.0,1.0,1.0,0.0,1.0
96,pilot_selected,legacy,0.5142659728821207,6,2,0,3,1,1.0,0.6666666666666666,0.0,0.8,0.8333333333333334,1.0,0.33333333333333337,1.0
96,pilot_selected,negative_max,0.4845900025714378,6,3,2,1,0,0.6,1.0,0.6666666666666666,0.75,0.6666666666666666,1.0,0.0,1.0
96,pilot_selected,separating_midpoint,0.4994279877267792,6,3,0,3,0,1.0,1.0,0.0,1.0,1.0,1.0,0.0,1.0
96,length_only,legacy,1.0000000000000002,6,0,0,3,3,,0.0,0.0,0.0,0.5,0.7777777777777778,1.0,1.0
96,length_only,negative_max,0.7809609816916917,6,1,0,3,2,1.0,0.3333333333333333,0.0,0.5,0.6666666666666666,0.7777777777777778,0.6666666666666667,1.0
96,length_only,separating_midpoint,1.0000000000000002,6,0,0,3,3,,0.0,0.0,0.0,0.5,0.7777777777777778,1.0,1.0
96,repetition_only,legacy,1.0000000000000002,6,0,0,3,3,,0.0,0.0,0.0,0.5,0.5,1.0,1.0
96,repetition_only,negative_max,0.6361811253702465,6,0,0,3,3,,0.0,0.0,0.0,0.5,0.5,1.0,1.0
96,repetition_only,separating_midpoint,1.0000000000000002,6,0,0,3,3,,0.0,0.0,0.0,0.5,0.5,1.0,1.0
96,without_repetition,legacy,0.7363089338822263,6,2,0,3,1,1.0,0.6666666666666666,0.0,0.8,0.8333333333333334,1.0,0.33333333333333337,1.0
96,without_repetition,negative_max,0.28785335794546496,6,3,1,2,0,0.75,1.0,0.3333333333333333,0.8571428571428571,0.8333333333333334,1.0,0.0,1.0
96,without_repetition,separating_midpoint,0.5120811459138456,6,3,0,3,0,1.0,1.0,0.0,1.0,1.0,1.0,0.0,1.0
97,original,legacy,0.6532647587506616,6,3,0,3,0,1.0,1.0,0.0,1.0,1.0,1.0,0.0,1.0
97,original,negative_max,0.29599249825887547,6,3,0,3,0,1.0,1.0,0.0,1.0,1.0,1.0,0.0,1.0
97,original,separating_midpoint,0.4746286285047685,6,3,0,3,0,1.0,1.0,0.0,1.0,1.0,1.0,0.0,1.0
97,pilot_selected,legacy,0.5093961318982603,6,3,0,3,0,1.0,1.0,0.0,1.0,1.0,1.0,0.0,1.0
97,pilot_selected,negative_max,0.50388150886487,6,3,0,3,0,1.0,1.0,0.0,1.0,1.0,1.0,0.0,1.0
97,pilot_selected,separating_midpoint,0.506638820381565,6,3,0,3,0,1.0,1.0,0.0,1.0,1.0,1.0,0.0,1.0
97,length_only,legacy,1.0000000000000002,6,0,0,3,3,,0.0,0.0,0.0,0.5,1.0,1.0,1.0
97,length_only,negative_max,0.6633943931852401,6,2,0,3,1,1.0,0.6666666666666666,0.0,0.8,0.8333333333333334,1.0,0.33333333333333337,1.0
97,length_only,separating_midpoint,1.0000000000000002,6,0,0,3,3,,0.0,0.0,0.0,0.5,1.0,1.0,1.0
97,repetition_only,legacy,1.0000000000000002,6,0,0,3,3,,0.0,0.0,0.0,0.5,0.8333333333333334,1.0,1.0
97,repetition_only,negative_max,0.5505702216295972,6,0,0,3,3,,0.0,0.0,0.0,0.5,0.8333333333333334,1.0,1.0
97,repetition_only,separating_midpoint,1.0000000000000002,6,0,0,3,3,,0.0,0.0,0.0,0.5,0.8333333333333334,1.0,1.0
97,without_repetition,legacy,0.6461060796234803,6,3,0,3,0,1.0,1.0,0.0,1.0,1.0,1.0,0.0,1.0
97,without_repetition,negative_max,0.29427019548266453,6,3,0,3,0,1.0,1.0,0.0,1.0,1.0,1.0,0.0,1.0
97,without_repetition,separating_midpoint,0.4701881375530724,6,3,0,3,0,1.0,1.0,0.0,1.0,1.0,1.0,0.0,1.0
98,original,legacy,0.8794599149710165,6,2,0,3,1,1.0,0.6666666666666666,0.0,0.8,0.8333333333333334,1.0,0.33333333333333337,1.0
98,original,negative_max,0.057579495777240926,6,3,1,2,0,0.75,1.0,0.3333333333333333,0.8571428571428571,0.8333333333333334,1.0,0.0,1.0
98,original,separating_midpoint,0.4685197053741287,6,3,0,3,0,1.0,1.0,0.0,1.0,1.0,1.0,0.0,1.0
98,pilot_selected,legacy,0.5230784393231724,6,2,0,3,1,1.0,0.6666666666666666,0.0,0.8,0.8333333333333334,1.0,0.33333333333333337,1.0
98,pilot_selected,negative_max,0.4637986560560283,6,3,1,2,0,0.75,1.0,0.3333333333333333,0.8571428571428571,0.8333333333333334,1.0,0.0,1.0
98,pilot_selected,separating_midpoint,0.4934385476896004,6,3,0,3,0,1.0,1.0,0.0,1.0,1.0,1.0,0.0,1.0
98,length_only,legacy,0.6142192005477095,6,2,1,2,1,0.6666666666666666,0.6666666666666666,0.3333333333333333,0.6666666666666666,0.6666666666666666,0.6666666666666666,0.33333333333333337,1.0
98,length_only,negative_max,0.6028064704269347,6,2,1,2,1,0.6666666666666666,0.6666666666666666,0.3333333333333333,0.6666666666666666,0.6666666666666666,0.6666666666666666,0.33333333333333337,1.0
98,length_only,separating_midpoint,0.608512835487322,6,2,1,2,1,0.6666666666666666,0.6666666666666666,0.3333333333333333,0.6666666666666666,0.6666666666666666,0.6666666666666666,0.33333333333333337,1.0
98,repetition_only,legacy,1.0000000000000002,6,0,0,3,3,,0.0,0.0,0.0,0.5,0.8333333333333334,1.0,1.0
98,repetition_only,negative_max,0.6338142009576536,6,0,0,3,3,,0.0,0.0,0.0,0.5,0.8333333333333334,1.0,1.0
98,repetition_only,separating_midpoint,1.0000000000000002,6,0,0,3,3,,0.0,0.0,0.0,0.5,0.8333333333333334,1.0,1.0
98,without_repetition,legacy,0.867976265626245,6,2,0,3,1,1.0,0.6666666666666666,0.0,0.8,0.8333333333333334,1.0,0.33333333333333337,1.0
98,without_repetition,negative_max,0.029029059201303716,6,3,2,1,0,0.6,1.0,0.6666666666666666,0.75,0.6666666666666666,1.0,0.0,1.0
98,without_repetition,separating_midpoint,0.44850266241377434,6,3,0,3,0,1.0,1.0,0.0,1.0,1.0,1.0,0.0,1.0
99,original,legacy,0.8407617332658915,6,3,0,3,0,1.0,1.0,0.0,1.0,1.0,1.0,0.0,1.0
99,original,negative_max,0.10500806641202462,6,3,0,3,0,1.0,1.0,0.0,1.0,1.0,1.0,0.0,1.0
99,original,separating_midpoint,0.4728848998389581,6,3,0,3,0,1.0,1.0,0.0,1.0,1.0,1.0,0.0,1.0
99,pilot_selected,legacy,0.5210961849940937,6,2,0,3,1,1.0,0.6666666666666666,0.0,0.8,0.8333333333333334,1.0,0.33333333333333337,1.0
99,pilot_selected,negative_max,0.4969642367168684,6,3,0,3,0,1.0,1.0,0.0,1.0,1.0,1.0,0.0,1.0
99,pilot_selected,separating_midpoint,0.5090302108554811,6,3,0,3,0,1.0,1.0,0.0,1.0,1.0,1.0,0.0,1.0
99,length_only,legacy,0.5887687507271054,6,3,0,3,0,1.0,1.0,0.0,1.0,1.0,1.0,0.0,1.0
99,length_only,negative_max,0.40737557406717745,6,3,1,2,0,0.75,1.0,0.3333333333333333,0.8571428571428571,0.8333333333333334,1.0,0.0,1.0
99,length_only,separating_midpoint,0.4980721623971414,6,3,0,3,0,1.0,1.0,0.0,1.0,1.0,1.0,0.0,1.0
99,repetition_only,legacy,1.0000000000000002,6,0,0,3,3,,0.0,0.0,0.0,0.5,0.8333333333333334,1.0,1.0
99,repetition_only,negative_max,0.6467123873269066,6,0,0,3,3,,0.0,0.0,0.0,0.5,0.8333333333333334,1.0,1.0
99,repetition_only,separating_midpoint,1.0000000000000002,6,0,0,3,3,,0.0,0.0,0.0,0.5,0.8333333333333334,1.0,1.0
99,without_repetition,legacy,0.8406857894743361,6,3,0,3,0,1.0,1.0,0.0,1.0,1.0,1.0,0.0,1.0
99,without_repetition,negative_max,0.08034322311017184,6,3,0,3,0,1.0,1.0,0.0,1.0,1.0,1.0,0.0,1.0
99,without_repetition,separating_midpoint,0.460514506292254,6,3,0,3,0,1.0,1.0,0.0,1.0,1.0,1.0,0.0,1.0